{"Bremen": {"Bremen": 0.0, "Dresden": 184.5563483415848}, "Dresden": {"Bremen": 315.2883729218592, "Dresden": 0.0}}