{"Bremen": {"Bremen": 0.0, "Dresden": 205.7829881191106}, "Dresden": {"Bremen": 234.9499781834525, "Dresden": 0.0}}