{"Bremen": {"Bremen": 0.0, "Dresden": 277.4207069343709}, "Dresden": {"Bremen": 311.0497623136705, "Dresden": 0.0}}