{"Bremen": {"Bremen": 0.0, "Dresden": 245.623692469901}, "Dresden": {"Bremen": 311.51994190214066, "Dresden": 0.0}}