{"Bremen": {"Bremen": 0.0, "Dresden": 919.6062712062429, "Madrid": 4790.37258347359, "Marseille": 2702.3675401335245, "Milan": 1831.9287124185191, "Naples": 2695.432994261776, "Paris": 1803.565250824196, "Rotterdam": 914.6682622562795, "Saarbr\u00fccken": 924.1590226321025, "Salzburg": 1796.6834015043073, "Warsaw": 1770.0715030819003}, "Dresden": {"Bremen": 922.6279744700881, "Dresden": 0.0, "Madrid": 4770.37816651632, "Marseille": 2656.2831054105645, "Milan": 1785.737709260858, "Naples": 2646.3670137493523, "Paris": 1778.1584997724763, "Rotterdam": 914.4473679924669, "Saarbr\u00fccken": 940.8010105731157, "Salzburg": 886.9736947550374, "Warsaw": 828.571000724447}, "Madrid": {"Bremen": 4917.713272033218, "Dresden": 4906.2995290264835, "Madrid": 0.0, "Marseille": 2201.415011394567, "Milan": 3124.365250398227, "Naples": 3990.031731791798, "Paris": 3096.5964955438117, "Rotterdam": 4017.7485265563837, "Saarbr\u00fccken": 4039.1654687820505, "Salzburg": 3980.43472419094, "Warsaw": 5744.523992033102}, "Marseille": {"Bremen": 2719.2628753556055, "Dresden": 2700.8892766142144, "Madrid": 2021.6186346488585, "Marseille": 0.0, "Milan": 899.7405262293715, "Naples": 1781.6738237077186, "Paris": 892.5159487318332, "Rotterdam": 1806.7024302030502, "Saarbr\u00fccken": 1824.3626307501952, "Salzburg": 1773.2197928048156, "Warsaw": 3517.4302981451715}, "Milan": {"Bremen": 1822.7606335733706, "Dresden": 1791.3127648526743, "Madrid": 2948.6310436252284, "Marseille": 887.723338496819, "Milan": 0.0, "Naples": 890.8313909660665, "Paris": 1786.1232119904282, "Rotterdam": 1831.0466753183016, "Saarbr\u00fccken": 922.9356361415375, "Salzburg": 868.2334206841549, "Warsaw": 2623.08942315408}, "Naples": {"Bremen": 2731.8965413122833, "Dresden": 2690.1106274574313, "Madrid": 3900.733216986455, "Marseille": 1779.9351084351335, "Milan": 904.7609866825912, "Naples": 0.0, "Paris": 2674.8459058688914, "Rotterdam": 2730.4478224952945, "Saarbr\u00fccken": 1823.4459403018004, "Salzburg": 1790.8177622590683, "Warsaw": 3538.8087370340736}, "Paris": {"Bremen": 1818.825977268704, "Dresden": 1817.9188777657544, "Madrid": 2942.139008833371, "Marseille": 887.9754276196632, "Milan": 1789.774266324898, "Naples": 2663.81040215604, "Paris": 0.0, "Rotterdam": 916.8876254432732, "Saarbr\u00fccken": 926.493286065835, "Salzburg": 1808.4360249510723, "Warsaw": 2655.1799298140727}, "Rotterdam": {"Bremen": 905.2818627639049, "Dresden": 920.8077329924802, "Madrid": 3826.968990996892, "Marseille": 1780.4530673229096, "Milan": 1817.7902476001464, "Naples": 2673.1133473306286, "Paris": 886.6450996259479, "Rotterdam": 0.0, "Saarbr\u00fccken": 923.7673248171769, "Salzburg": 1803.173561753063, "Warsaw": 1760.7424979735677}, "Saarbr\u00fccken": {"Bremen": 911.0789261501354, "Dresden": 921.8070119108061, "Madrid": 3870.0824698342653, "Marseille": 1775.5906919869706, "Milan": 908.5027809500637, "Naples": 1769.0143342557978, "Paris": 888.9696523671907, "Rotterdam": 913.8711767834207, "Saarbr\u00fccken": 0.0, "Salzburg": 886.512720289837, "Warsaw": 1751.8657559516346}, "Salzburg": {"Bremen": 1819.9214122561282, "Dresden": 902.251429838667, "Madrid": 3896.7427437087117, "Marseille": 1791.0166104248324, "Milan": 907.9316422754006, "Naples": 1771.702315315301, "Paris": 1822.7279353657214, "Rotterdam": 1832.3344081056007, "Saarbr\u00fccken": 917.5531026182757, "Salzburg": 0.0, "Warsaw": 1732.0608519408845}, "Warsaw": {"Bremen": 1851.165662950324, "Dresden": 906.9402253994924, "Madrid": 5703.278034783762, "Marseille": 3586.310035788312, "Milan": 2701.498929941822, "Naples": 3555.897814989431, "Paris": 2710.0663425873286, "Rotterdam": 1832.334024234661, "Saarbr\u00fccken": 1856.3390970850962, "Salzburg": 1793.9981472396153, "Warsaw": 0.0}}