{"Bremen": {"Bremen": 0.0, "Dresden": 964.3104981974543, "Madrid": 4968.839819555031, "Marseille": 2802.6695490042607, "Milan": 1903.3209284415796, "Naples": 2789.4270114689893, "Paris": 1869.4651001228765, "Rotterdam": 946.584755505184, "Saarbr\u00fccken": 944.299254955126, "Salzburg": 1896.79599437226, "Warsaw": 1822.6747039833838}, "Dresden": {"Bremen": 990.2961322660216, "Dresden": 0.0, "Madrid": 4989.145641616043, "Marseille": 2804.83954030808, "Milan": 1879.055389308048, "Naples": 2771.833318921702, "Paris": 1875.2234073336717, "Rotterdam": 943.1456656512397, "Saarbr\u00fccken": 965.8607547484831, "Salzburg": 931.2642820828346, "Warsaw": 835.1581019643445}, "Madrid": {"Bremen": 5062.877853010488, "Dresden": 5048.693753327987, "Madrid": 0.0, "Marseille": 2223.7524591768665, "Milan": 3149.5915131141123, "Naples": 4084.3508417331095, "Paris": 3180.427547391612, "Rotterdam": 4131.001546826316, "Saarbr\u00fccken": 4105.761763265374, "Salzburg": 4084.1361986306238, "Warsaw": 5918.335126697608}, "Marseille": {"Bremen": 2814.853724156792, "Dresden": 2817.890488952357, "Madrid": 2222.2454859877807, "Marseille": 0.0, "Milan": 918.1873049846757, "Naples": 1835.04296268588, "Paris": 916.2053779834702, "Rotterdam": 1864.580671558869, "Saarbr\u00fccken": 1883.6160832628025, "Salzburg": 1863.3239747140478, "Warsaw": 3696.1598019776334}, "Milan": {"Bremen": 1936.8621292389205, "Dresden": 1884.5118516285802, "Madrid": 3118.502372748979, "Marseille": 930.9644134408455, "Milan": 0.0, "Naples": 891.2231522968742, "Paris": 1877.1132325292467, "Rotterdam": 1897.4426887799464, "Saarbr\u00fccken": 937.4853913148451, "Salzburg": 918.0213126560349, "Warsaw": 2758.5646172164024}, "Naples": {"Bremen": 2840.535474230959, "Dresden": 2835.6013194289467, "Madrid": 4013.3793943599208, "Marseille": 1866.7169978122815, "Milan": 924.4487976880898, "Naples": 0.0, "Paris": 2817.262573331196, "Rotterdam": 2851.5573646714756, "Saarbr\u00fccken": 1893.7845506009196, "Salzburg": 1870.1333482044936, "Warsaw": 3693.9173171020857}, "Paris": {"Bremen": 1893.1657541206946, "Dresden": 1903.407462152017, "Madrid": 3107.112397350044, "Marseille": 909.9320127688374, "Milan": 1888.9527883885034, "Naples": 2772.0636988634747, "Paris": 0.0, "Rotterdam": 929.9171082725571, "Saarbr\u00fccken": 944.4024613076683, "Salzburg": 1890.6559876334024, "Warsaw": 2761.1037873230725}, "Rotterdam": {"Bremen": 995.5272127917955, "Dresden": 968.8786681741474, "Madrid": 4032.8204051961757, "Marseille": 1855.8548566117267, "Milan": 1893.3454979348126, "Naples": 2806.3828304267968, "Paris": 932.6132736153401, "Rotterdam": 0.0, "Saarbr\u00fccken": 972.2074188145851, "Salzburg": 1869.921299717469, "Warsaw": 1821.3321053727677}, "Saarbr\u00fccken": {"Bremen": 998.5281807885781, "Dresden": 978.6608284339449, "Madrid": 4000.537965012065, "Marseille": 1846.491088109815, "Milan": 957.075836648503, "Naples": 1846.1933498765097, "Paris": 923.6920836989888, "Rotterdam": 939.7144787897856, "Saarbr\u00fccken": 0.0, "Salzburg": 923.9114519567382, "Warsaw": 1819.4403589976587}, "Salzburg": {"Bremen": 1926.2534633822522, "Dresden": 966.9010754161753, "Madrid": 4054.5546493788584, "Marseille": 1873.6382503804673, "Milan": 945.2970698704335, "Naples": 1843.1477445634891, "Paris": 1887.4822475545225, "Rotterdam": 1890.0475205581506, "Saarbr\u00fccken": 963.1865155897399, "Salzburg": 0.0, "Warsaw": 1822.3980886760955}, "Warsaw": {"Bremen": 1932.9227457929571, "Dresden": 958.178818464712, "Madrid": 5926.294440882633, "Marseille": 3745.387278617284, "Milan": 2844.3257518030114, "Naples": 3724.560493116822, "Paris": 2832.856618097043, "Rotterdam": 1880.890508335177, "Saarbr\u00fccken": 1925.3643656924783, "Salzburg": 1902.4555336818385, "Warsaw": 0.0}}