{"Bremen": {"Bremen": 0.0, "Dresden": 437.1427980691169, "Madrid": 1741.3562591518867, "Marseille": 1051.028323596204, "Milan": 747.4974327558782, "Naples": 1031.9866394349917, "Paris": 724.8260539412977, "Rotterdam": 387.23348349073063, "Saarbr\u00fccken": 391.6230088638232, "Salzburg": 722.1402046734917, "Warsaw": 668.0954158381452}, "Dresden": {"Bremen": 394.7695752530597, "Dresden": 0.0, "Madrid": 1720.8941055186424, "Marseille": 1025.3249656788632, "Milan": 707.2804983182044, "Naples": 970.5070704361918, "Paris": 714.9289093177931, "Rotterdam": 392.9611121029583, "Saarbr\u00fccken": 408.7498831340136, "Salzburg": 346.07314989083005, "Warsaw": 273.72502183371336}, "Madrid": {"Bremen": 1848.249011382225, "Dresden": 1848.1851094132828, "Madrid": 0.0, "Marseille": 786.1794074119589, "Milan": 1149.4323781642704, "Naples": 1415.1934121353568, "Paris": 1137.391474321048, "Rotterdam": 1499.027064026946, "Saarbr\u00fccken": 1530.244143213965, "Salzburg": 1480.821598324981, "Warsaw": 2093.362736833569}, "Marseille": {"Bremen": 1075.3941876884255, "Dresden": 1071.9525846247745, "Madrid": 701.3685345046093, "Marseille": 0.0, "Milan": 377.431027964111, "Naples": 652.9678679434971, "Paris": 368.16928294387935, "Rotterdam": 721.6765872110278, "Saarbr\u00fccken": 749.6934015525471, "Salzburg": 699.6643719202999, "Warsaw": 1321.6662629616135}, "Milan": {"Bremen": 773.5506208115679, "Dresden": 728.4051359017312, "Madrid": 1019.8566507965501, "Marseille": 336.15181508094236, "Milan": 0.0, "Naples": 298.38396787424557, "Paris": 693.8771473260614, "Rotterdam": 767.2180379122027, "Saarbr\u00fccken": 400.7363949632659, "Salzburg": 345.316206823585, "Warsaw": 970.5034522134079}, "Naples": {"Bremen": 1083.1051241483365, "Dresden": 1081.0247495805475, "Madrid": 1377.0321882570217, "Marseille": 687.7410934060877, "Milan": 377.7627984410609, "Naples": 0.0, "Paris": 1111.0488449187653, "Rotterdam": 1113.9516242230177, "Saarbr\u00fccken": 728.4090666177638, "Salzburg": 703.1113800256111, "Warsaw": 1402.073269868908}, "Paris": {"Bremen": 744.2773075160219, "Dresden": 738.0376497118923, "Madrid": 1031.729100252461, "Marseille": 325.855749031646, "Milan": 702.097868983378, "Naples": 1061.5704837073524, "Paris": 0.0, "Rotterdam": 375.0324645908365, "Saarbr\u00fccken": 407.0178310713701, "Salzburg": 734.945149323467, "Warsaw": 1004.0603434741377}, "Rotterdam": {"Bremen": 367.73828982285147, "Dresden": 370.0116352447291, "Madrid": 1365.8838159555464, "Marseille": 670.2025512957949, "Milan": 757.1720008134749, "Naples": 1058.4542420610235, "Paris": 364.65911258680245, "Rotterdam": 0.0, "Saarbr\u00fccken": 406.91470613596215, "Salzburg": 725.0418098542098, "Warsaw": 649.0976985660495}, "Saarbr\u00fccken": {"Bremen": 363.9132578584988, "Dresden": 388.67830412181536, "Madrid": 1394.5503162024472, "Marseille": 690.9876315429303, "Milan": 384.54563503720914, "Naples": 637.2266060100488, "Paris": 342.2044327306912, "Rotterdam": 421.01029794417326, "Saarbr\u00fccken": 0.0, "Salzburg": 343.20496322270435, "Warsaw": 642.4272992761237}, "Salzburg": {"Bremen": 766.8859126238293, "Dresden": 409.09830894991563, "Madrid": 1384.608004218446, "Marseille": 689.4060608359271, "Milan": 376.5518094986382, "Naples": 641.9365497724511, "Paris": 719.3976747367784, "Rotterdam": 790.4747146866364, "Saarbr\u00fccken": 406.4861893978082, "Salzburg": 0.0, "Warsaw": 637.3178034120812}, "Warsaw": {"Bremen": 772.4443145765209, "Dresden": 387.15754062340704, "Madrid": 2088.2966146842623, "Marseille": 1409.08555260796, "Milan": 1082.9751869451372, "Naples": 1398.1608108194607, "Paris": 1080.0449363396617, "Rotterdam": 762.2835289764964, "Saarbr\u00fccken": 774.0863964679334, "Salzburg": 728.5310161048153, "Warsaw": 0.0}}