{"Bremen": {"Bremen": 0.0, "Dresden": 357.23478763923725, "Madrid": 2280.120175565351, "Marseille": 1314.1657192650384, "Milan": 916.2917556457769, "Naples": 1839.840474155089, "Paris": 849.4851447806564, "Rotterdam": 425.504872553945, "Saarbr\u00fccken": 429.6146290561725, "Salzburg": 873.8350259165469, "Warsaw": 808.1510019911051}, "Dresden": {"Bremen": 430.0753549303118, "Dresden": 0.0, "Madrid": 2290.1415980930788, "Marseille": 1318.077828800308, "Milan": 914.5815592407155, "Naples": 1836.5674225371463, "Paris": 850.5908836201914, "Rotterdam": 425.3564969776859, "Saarbr\u00fccken": 450.7084278815526, "Salzburg": 374.40453062818517, "Warsaw": 311.5977546781897}, "Madrid": {"Bremen": 2421.3366691272267, "Dresden": 2329.2462396067394, "Madrid": 0.0, "Marseille": 831.4179479506945, "Milan": 1866.1145863624047, "Naples": 2305.8131621515076, "Paris": 1359.4258237914528, "Rotterdam": 1899.6417091626695, "Saarbr\u00fccken": 1920.4251970798553, "Salzburg": 2325.2894414724246, "Warsaw": 3241.961702689173}, "Marseille": {"Bremen": 1454.2068676351894, "Dresden": 1372.3951554466064, "Madrid": 813.9167140282447, "Marseille": 0.0, "Milan": 397.6994867969418, "Naples": 870.0981575149028, "Paris": 340.4643079930916, "Rotterdam": 920.7365448943323, "Saarbr\u00fccken": 941.9166513806964, "Salzburg": 886.8728666229488, "Warsaw": 2280.5994979691973}, "Milan": {"Bremen": 940.2859184453916, "Dresden": 882.9379686462868, "Madrid": 1798.987135818612, "Marseille": 312.6108553357325, "Milan": 0.0, "Naples": 316.25029618918944, "Paris": 853.6487973828636, "Rotterdam": 932.1752335399581, "Saarbr\u00fccken": 435.3493950313615, "Salzburg": 358.91003172001655, "Warsaw": 1302.1232097054703}, "Naples": {"Bremen": 1930.6081088662488, "Dresden": 1840.5729098921815, "Madrid": 2280.6595955174084, "Marseille": 837.1599865995395, "Milan": 447.49435634370064, "Naples": 0.0, "Paris": 1843.8731780226892, "Rotterdam": 1922.400017061667, "Saarbr\u00fccken": 1441.2271160403463, "Salzburg": 882.1441524996087, "Warsaw": 2298.994335703696}, "Paris": {"Bremen": 945.0873637288983, "Dresden": 875.1676229266128, "Madrid": 1301.823684940083, "Marseille": 315.2009474308957, "Milan": 904.3439694063281, "Naples": 1868.7119798995227, "Paris": 0.0, "Rotterdam": 422.71133883670285, "Saarbr\u00fccken": 431.0045283393706, "Salzburg": 887.4752020124977, "Warsaw": 1806.8594120564817}, "Rotterdam": {"Bremen": 421.92759715576426, "Dresden": 373.30800331335814, "Madrid": 1792.3289844434642, "Marseille": 828.8956330492766, "Milan": 910.1374300475472, "Naples": 1845.90681903553, "Paris": 339.618943335532, "Rotterdam": 0.0, "Saarbr\u00fccken": 476.02620945852755, "Salzburg": 889.4463941213774, "Warsaw": 1311.8892377122252}, "Saarbr\u00fccken": {"Bremen": 435.1537097047353, "Dresden": 372.2303035570309, "Madrid": 1781.5653983805212, "Marseille": 812.8223573027115, "Milan": 419.0177736339968, "Naples": 1355.35681744747, "Paris": 342.4792416329565, "Rotterdam": 420.1601688309423, "Saarbr\u00fccken": 0.0, "Salzburg": 383.95378851158137, "Warsaw": 1308.2858959920181}, "Salzburg": {"Bremen": 940.0752364303827, "Dresden": 373.6516234162681, "Madrid": 2273.7854765139964, "Marseille": 816.8871734246601, "Milan": 378.03912148364543, "Naples": 859.1043025239424, "Paris": 851.2037237180883, "Rotterdam": 932.869827900963, "Saarbr\u00fccken": 449.2403002565374, "Salzburg": 0.0, "Warsaw": 814.1617063775956}, "Warsaw": {"Bremen": 935.4112141711619, "Dresden": 372.17587067101584, "Madrid": 3227.982526151525, "Marseille": 2280.064265836692, "Milan": 1393.4370411390937, "Naples": 2336.5689256871865, "Paris": 1821.1513982643971, "Rotterdam": 1409.4014822331148, "Saarbr\u00fccken": 1463.3000936960332, "Salzburg": 887.7956065568991, "Warsaw": 0.0}}