{"Bremen": {"Bremen": 0.0, "Dresden": 775.2758100825462, "Madrid": 4256.000017306614, "Marseille": 2275.098512045975, "Milan": 1579.3792069614856, "Naples": 2263.568088993186, "Paris": 1531.7368116707548, "Rotterdam": 810.4640529147997, "Saarbr\u00fccken": 834.2663256386126, "Salzburg": 1536.881152352875, "Warsaw": 1466.7676317999376}, "Dresden": {"Bremen": 795.1643446527607, "Dresden": 0.0, "Madrid": 4255.001137948668, "Marseille": 2269.9359519824147, "Milan": 1510.9668472007418, "Naples": 2239.8261652956485, "Paris": 1535.6809091279451, "Rotterdam": 794.5358412964815, "Saarbr\u00fccken": 797.6755748468084, "Salzburg": 725.0141080692117, "Warsaw": 702.273129965423}, "Madrid": {"Bremen": 4370.458074590371, "Dresden": 4357.913524431575, "Madrid": 0.0, "Marseille": 2149.161928958122, "Milan": 2877.7829385851815, "Naples": 3539.3539299709173, "Paris": 2843.1823780192244, "Rotterdam": 3609.959491541221, "Saarbr\u00fccken": 3609.4300824219918, "Salzburg": 3593.989302371229, "Warsaw": 5063.476950778012}, "Marseille": {"Bremen": 2287.687182196049, "Dresden": 2307.1043607064566, "Madrid": 1886.003732204787, "Marseille": 0.0, "Milan": 779.1604263496388, "Naples": 1482.721408519356, "Paris": 752.1427804934315, "Rotterdam": 1563.663310944348, "Saarbr\u00fccken": 1517.434017413336, "Salzburg": 1523.0460695875483, "Warsaw": 2999.6776834873913}, "Milan": {"Bremen": 1544.7223069818197, "Dresden": 1527.8166379653753, "Madrid": 2713.5720483966616, "Marseille": 767.0326224130802, "Milan": 0.0, "Naples": 765.3608745209322, "Paris": 1506.7426936656375, "Rotterdam": 1557.2332360965881, "Saarbr\u00fccken": 802.1030351972588, "Salzburg": 744.9320495124939, "Warsaw": 2223.2327972128023}, "Naples": {"Bremen": 2305.9534667869034, "Dresden": 2289.981959294363, "Madrid": 3489.232307754889, "Marseille": 1514.9572464834812, "Milan": 785.9972185715125, "Naples": 0.0, "Paris": 2260.9492434769463, "Rotterdam": 2290.0275842900523, "Saarbr\u00fccken": 1532.1014875510743, "Salzburg": 1509.344573347691, "Warsaw": 2974.2601705059087}, "Paris": {"Bremen": 1565.0861799418449, "Dresden": 1544.439888199619, "Madrid": 2701.103178997974, "Marseille": 802.9750476551319, "Milan": 1526.7927182366047, "Naples": 2242.723449790535, "Paris": 0.0, "Rotterdam": 819.002345305269, "Saarbr\u00fccken": 802.4770691557305, "Salzburg": 1529.442288883479, "Warsaw": 2242.793196162894}, "Rotterdam": {"Bremen": 784.4313455106129, "Dresden": 771.7534449410396, "Madrid": 3459.345002438361, "Marseille": 1521.6002310851193, "Milan": 1533.5760288007823, "Naples": 2236.7199527998755, "Paris": 744.85061307142, "Rotterdam": 0.0, "Saarbr\u00fccken": 809.8723163111781, "Salzburg": 1538.7187504436683, "Warsaw": 1469.1957468707858}, "Saarbr\u00fccken": {"Bremen": 793.4932042562066, "Dresden": 764.8567844148398, "Madrid": 3507.3044205193883, "Marseille": 1512.4722692558419, "Milan": 774.9154897798027, "Naples": 1480.8370666232786, "Paris": 754.3560285965962, "Rotterdam": 786.0821033278427, "Saarbr\u00fccken": 0.0, "Salzburg": 729.8278982778608, "Warsaw": 1460.224785708434}, "Salzburg": {"Bremen": 1546.7629092748618, "Dresden": 746.3820491455452, "Madrid": 3486.9786827698817, "Marseille": 1516.3745436367853, "Milan": 774.5864681674508, "Naples": 1498.3123612245765, "Paris": 1530.498370068686, "Rotterdam": 1548.0984594919453, "Saarbr\u00fccken": 811.5013079345543, "Salzburg": 0.0, "Warsaw": 1476.8261637676187}, "Warsaw": {"Bremen": 1536.101870047199, "Dresden": 746.7185216478642, "Madrid": 5011.921334311946, "Marseille": 3030.519844426727, "Milan": 2282.500440809487, "Naples": 3016.504898328952, "Paris": 2326.0870522384935, "Rotterdam": 1551.670103312302, "Saarbr\u00fccken": 1564.7978031348896, "Salzburg": 1511.4359313460525, "Warsaw": 0.0}}