{"Bremen": {"Bremen": 0.0, "Dresden": 353.09032925940426, "Madrid": 1997.4030001761591, "Marseille": 1140.868633573741, "Milan": 798.9605810005231, "Naples": 1600.9926963104144, "Paris": 742.0998148674184, "Rotterdam": 371.9394995411514, "Saarbr\u00fccken": 391.2146859667406, "Salzburg": 778.3107038085215, "Warsaw": 728.580084957102}, "Dresden": {"Bremen": 370.5643739470623, "Dresden": 0.0, "Madrid": 1995.0588257867437, "Marseille": 1143.3560414676792, "Milan": 794.7622899823872, "Naples": 1625.9820799273757, "Paris": 745.2637097487153, "Rotterdam": 378.22457735174135, "Saarbr\u00fccken": 392.63460916513833, "Salzburg": 322.44811387778617, "Warsaw": 268.80291229384}, "Madrid": {"Bremen": 2127.721937179664, "Dresden": 2033.207005543951, "Madrid": 0.0, "Marseille": 709.5857413389216, "Milan": 1634.2495825825338, "Naples": 2038.1799732328677, "Paris": 1176.866407678442, "Rotterdam": 1668.721708953275, "Saarbr\u00fccken": 1681.5199013489157, "Salzburg": 2049.027823329462, "Warsaw": 2825.013231301422}, "Marseille": {"Bremen": 1270.6091691466872, "Dresden": 1196.0057408099199, "Madrid": 703.5408359301076, "Marseille": 0.0, "Milan": 358.1684399015146, "Naples": 769.3370711913856, "Paris": 297.7771098546294, "Rotterdam": 819.74029609, "Saarbr\u00fccken": 835.9528019665983, "Salzburg": 778.6997414926728, "Warsaw": 1991.570419316999}, "Milan": {"Bremen": 827.6511658530596, "Dresden": 782.3963723207147, "Madrid": 1552.8925251310811, "Marseille": 271.0381005078614, "Milan": 0.0, "Naples": 309.12132744908644, "Paris": 745.9744590045739, "Rotterdam": 811.4924157834994, "Saarbr\u00fccken": 377.6328798226989, "Salzburg": 330.38422148985035, "Warsaw": 1161.9900742551274}, "Naples": {"Bremen": 1686.7760485498623, "Dresden": 1618.920523460237, "Madrid": 2003.126364223498, "Marseille": 722.6813535369969, "Milan": 350.8333962732311, "Naples": 0.0, "Paris": 1652.5592984951336, "Rotterdam": 1673.2837661483136, "Saarbr\u00fccken": 1265.4129512149239, "Salzburg": 775.9231172855893, "Warsaw": 2042.2042598656735}, "Paris": {"Bremen": 818.6484162447987, "Dresden": 773.9731440522564, "Madrid": 1133.9005911897027, "Marseille": 270.38895644714063, "Milan": 791.7982639829584, "Naples": 1661.7466703681775, "Paris": 0.0, "Rotterdam": 390.32159666671, "Saarbr\u00fccken": 390.4643591773702, "Salzburg": 771.9900933840877, "Warsaw": 1576.5148580114246}, "Rotterdam": {"Bremen": 370.6724214463114, "Dresden": 336.03023627563664, "Madrid": 1563.229232038959, "Marseille": 710.9339140520602, "Milan": 784.8837321120145, "Naples": 1632.290281098426, "Paris": 296.41798094886826, "Rotterdam": 0.0, "Saarbr\u00fccken": 380.765131695119, "Salzburg": 779.8938013934097, "Warsaw": 1146.0346371539695}, "Saarbr\u00fccken": {"Bremen": 388.33325384467344, "Dresden": 335.15585964899134, "Madrid": 1571.444393217799, "Marseille": 709.8894008448177, "Milan": 354.9058009480742, "Naples": 1190.9004134752086, "Paris": 300.6579129020359, "Rotterdam": 364.3071475517803, "Saarbr\u00fccken": 0.0, "Salzburg": 341.10937740315194, "Warsaw": 1144.487198714233}, "Salzburg": {"Bremen": 815.5194173352169, "Dresden": 338.5484287032441, "Madrid": 1996.097439198872, "Marseille": 714.6747923618531, "Milan": 362.1239593105767, "Naples": 752.8123291337704, "Paris": 744.5725691290165, "Rotterdam": 816.1326152268732, "Saarbr\u00fccken": 390.29255541596905, "Salzburg": 0.0, "Warsaw": 708.6066731333835}, "Warsaw": {"Bremen": 815.775844588039, "Dresden": 352.8419630501699, "Madrid": 2844.322684618828, "Marseille": 1994.8145437501757, "Milan": 1226.6160610468141, "Naples": 2045.581694592548, "Paris": 1598.574691516044, "Rotterdam": 1247.9491237508835, "Saarbr\u00fccken": 1252.2713564788157, "Salzburg": 775.6376607779122, "Warsaw": 0.0}}