{"Bremen": {"Bremen": 0.0, "Dresden": 267.5855487864471, "Madrid": 1475.2122927128437, "Marseille": 850.6349726775792, "Milan": 586.6301487591574, "Naples": 1192.3664158976667, "Paris": 560.9387344874024, "Rotterdam": 308.02498371488116, "Saarbr\u00fccken": 302.9811730580875, "Salzburg": 575.7374852097075, "Warsaw": 549.9616175711664}, "Dresden": {"Bremen": 298.00140017497597, "Dresden": 0.0, "Madrid": 1463.7470913022873, "Marseille": 851.4082350329236, "Milan": 578.6505758516756, "Naples": 1209.6154064702193, "Paris": 561.0447807996807, "Rotterdam": 290.05238814596237, "Saarbr\u00fccken": 296.66084505016954, "Salzburg": 275.2243625560918, "Warsaw": 209.49943936192312}, "Madrid": {"Bremen": 1565.8408380602664, "Dresden": 1498.1925414482387, "Madrid": 0.0, "Marseille": 538.5773622562507, "Milan": 1214.1731675314998, "Naples": 1481.1127534784807, "Paris": 866.1044807305882, "Rotterdam": 1249.9645051907323, "Saarbr\u00fccken": 1223.1652950160942, "Salzburg": 1502.3904571089859, "Warsaw": 2083.6610788537614}, "Marseille": {"Bremen": 922.6309647876681, "Dresden": 894.0546356416835, "Madrid": 522.8407788236789, "Marseille": 0.0, "Milan": 270.2539841944333, "Naples": 581.5263613377931, "Paris": 249.78691942903856, "Rotterdam": 617.2804078748806, "Saarbr\u00fccken": 605.0790950579444, "Salzburg": 585.3182084873862, "Warsaw": 1467.8601276455427}, "Milan": {"Bremen": 606.0334750035205, "Dresden": 579.5728412402891, "Madrid": 1163.2786875021475, "Marseille": 208.2937327803285, "Milan": 0.0, "Naples": 225.8120154016007, "Paris": 555.9943988288385, "Rotterdam": 604.0108898683823, "Saarbr\u00fccken": 296.30867181399077, "Salzburg": 275.51330075559787, "Warsaw": 856.5299809262251}, "Naples": {"Bremen": 1242.4962595627644, "Dresden": 1206.9391747446664, "Madrid": 1470.4427380336915, "Marseille": 540.9905688392413, "Milan": 279.56870646401467, "Naples": 0.0, "Paris": 1229.5088546627674, "Rotterdam": 1246.898187811763, "Saarbr\u00fccken": 922.7624849155321, "Salzburg": 580.5778264717643, "Warsaw": 1510.7330717275202}, "Paris": {"Bremen": 608.772621143617, "Dresden": 578.5362844637841, "Madrid": 843.0573817298638, "Marseille": 209.08133453842783, "Milan": 586.1256418985654, "Naples": 1216.294341480027, "Paris": 0.0, "Rotterdam": 315.2489643210117, "Saarbr\u00fccken": 299.43401345768945, "Salzburg": 575.9802776758597, "Warsaw": 1166.0697065124978}, "Rotterdam": {"Bremen": 303.014608983626, "Dresden": 254.91096401605694, "Madrid": 1169.4001042620014, "Marseille": 530.1724218726657, "Milan": 584.2696930744413, "Naples": 1204.178919306112, "Paris": 244.41076130079838, "Rotterdam": 0.0, "Saarbr\u00fccken": 288.9045663308236, "Salzburg": 584.3690518851396, "Warsaw": 864.0198932210352}, "Saarbr\u00fccken": {"Bremen": 298.56998756133635, "Dresden": 271.03585038028876, "Madrid": 1162.47905666864, "Marseille": 531.0563054510662, "Milan": 271.39611486512, "Naples": 870.52855203891, "Paris": 241.77911754348676, "Rotterdam": 313.5384367959772, "Saarbr\u00fccken": 0.0, "Salzburg": 284.8000621829679, "Warsaw": 854.6410056727402}, "Salzburg": {"Bremen": 612.9295303928373, "Dresden": 268.7990064680362, "Madrid": 1471.69225759841, "Marseille": 526.7837198029803, "Milan": 270.7171868928035, "Naples": 555.6739127464468, "Paris": 560.4704438840503, "Rotterdam": 616.3775617370751, "Saarbr\u00fccken": 304.65930054109685, "Salzburg": 0.0, "Warsaw": 536.5344455018821}, "Warsaw": {"Bremen": 612.6883809597005, "Dresden": 265.3350045215555, "Madrid": 2098.707001610012, "Marseille": 1454.5419441944377, "Milan": 894.986903741659, "Naples": 1529.3713300053437, "Paris": 1178.9983753134682, "Rotterdam": 919.5663425224009, "Saarbr\u00fccken": 932.1291300725879, "Salzburg": 582.1487946036092, "Warsaw": 0.0}}