{"Bremen": {"Bremen": 0.0, "Dresden": 769.8101065833941, "Madrid": 4224.267011588282, "Marseille": 2233.182723282125, "Milan": 1515.756635049425, "Naples": 2218.455846178069, "Paris": 1509.739877063704, "Rotterdam": 737.3449424899324, "Saarbr\u00fccken": 766.3473646055897, "Salzburg": 1504.2650520310704, "Warsaw": 1484.5505063913897}, "Dresden": {"Bremen": 780.6013800320342, "Dresden": 0.0, "Madrid": 4226.8276709963175, "Marseille": 2205.966759950719, "Milan": 1452.6339182668685, "Naples": 2195.0012287080763, "Paris": 1501.2082821503088, "Rotterdam": 745.3364575124602, "Saarbr\u00fccken": 788.5074125607067, "Salzburg": 730.6418185005274, "Warsaw": 728.7719828374695}, "Madrid": {"Bremen": 4331.014241095047, "Dresden": 4318.648561469638, "Madrid": 0.0, "Marseille": 2065.5717322107303, "Milan": 2842.429444877818, "Naples": 3486.934050892858, "Paris": 2794.3666185375023, "Rotterdam": 3543.5753650808, "Saarbr\u00fccken": 3605.5044061613535, "Salzburg": 3572.0431156232567, "Warsaw": 5010.0601359352095}, "Marseille": {"Bremen": 2285.645704048783, "Dresden": 2260.7395175150614, "Madrid": 1946.2683182672604, "Marseille": 0.0, "Milan": 745.3942738237686, "Naples": 1462.9884196667856, "Paris": 739.5797458866836, "Rotterdam": 1481.8299995793614, "Saarbr\u00fccken": 1535.9595801678997, "Salzburg": 1494.0025496842504, "Warsaw": 2947.8515992402376}, "Milan": {"Bremen": 1538.6725190041066, "Dresden": 1507.0520211157761, "Madrid": 2748.9175176065073, "Marseille": 745.160758554062, "Milan": 0.0, "Naples": 741.3081914304244, "Paris": 1480.777101459962, "Rotterdam": 1534.2275107305968, "Saarbr\u00fccken": 781.4249255693333, "Salzburg": 732.3529698843682, "Warsaw": 2201.2178907857838}, "Naples": {"Bremen": 2285.1715214570518, "Dresden": 2238.3433047628946, "Madrid": 3496.8202808551523, "Marseille": 1495.3420130860018, "Milan": 749.4931574516401, "Naples": 0.0, "Paris": 2227.9420922344066, "Rotterdam": 2306.1231308886877, "Saarbr\u00fccken": 1522.9762558307514, "Salzburg": 1472.423332942933, "Warsaw": 2921.057153907082}, "Paris": {"Bremen": 1526.0245726578814, "Dresden": 1511.0840786950005, "Madrid": 2712.457114358452, "Marseille": 741.428713557146, "Milan": 1513.9293685956393, "Naples": 2211.542395964496, "Paris": 0.0, "Rotterdam": 743.7503160144267, "Saarbr\u00fccken": 790.0225119190285, "Salzburg": 1519.288360541823, "Warsaw": 2218.095905136253}, "Rotterdam": {"Bremen": 780.7891042908336, "Dresden": 774.617713656837, "Madrid": 3462.6140311551217, "Marseille": 1487.2114478433277, "Milan": 1527.7031389761826, "Naples": 2240.3219852143593, "Paris": 767.2196454909267, "Rotterdam": 0.0, "Saarbr\u00fccken": 787.4647228698374, "Salzburg": 1506.4960262990023, "Warsaw": 1478.288177260395}, "Saarbr\u00fccken": {"Bremen": 795.2052940257784, "Dresden": 776.2080005368709, "Madrid": 3497.0663484491397, "Marseille": 1483.7531788973718, "Milan": 749.2302106919526, "Naples": 1460.6329753071334, "Paris": 750.5479317714827, "Rotterdam": 738.8597005243905, "Saarbr\u00fccken": 0.0, "Salzburg": 732.6148088155992, "Warsaw": 1485.2112343320653}, "Salzburg": {"Bremen": 1522.7978876201178, "Dresden": 784.190957528802, "Madrid": 3495.2744715790295, "Marseille": 1479.8820561425766, "Milan": 722.8947373489613, "Naples": 1455.5944357984258, "Paris": 1530.1365475636337, "Rotterdam": 1525.8846723720962, "Saarbr\u00fccken": 790.307117617968, "Salzburg": 0.0, "Warsaw": 1486.447493650053}, "Warsaw": {"Bremen": 1537.5321953739601, "Dresden": 759.7404539183545, "Madrid": 4992.635723513816, "Marseille": 2988.0678380502923, "Milan": 2232.7631443518358, "Naples": 2975.6427218899034, "Paris": 2257.6037848164, "Rotterdam": 1511.8511662780027, "Saarbr\u00fccken": 1573.0466903271886, "Salzburg": 1506.5306206589767, "Warsaw": 0.0}}