{"Bremen": {"Bremen": 0.0, "Dresden": 364.4266179145932, "Madrid": 2143.998655925742, "Marseille": 1243.0172844337712, "Milan": 848.325128976655, "Naples": 1718.6941815335033, "Paris": 793.9640877821366, "Rotterdam": 419.00223561961053, "Saarbr\u00fccken": 413.29554010337523, "Salzburg": 842.4971984059058, "Warsaw": 756.5907771621055}, "Dresden": {"Bremen": 430.63039004386695, "Dresden": 0.0, "Madrid": 2141.043777417844, "Marseille": 1237.820153336241, "Milan": 846.5822919970919, "Naples": 1737.2056068591723, "Paris": 796.4925219527877, "Rotterdam": 411.0816718007704, "Saarbr\u00fccken": 423.4269997698501, "Salzburg": 347.90144553329924, "Warsaw": 289.9659579343831}, "Madrid": {"Bremen": 2289.8924663970683, "Dresden": 2176.660357468857, "Madrid": 0.0, "Marseille": 762.6027300765898, "Milan": 1763.3008342710034, "Naples": 2169.1131227294622, "Paris": 1279.1707541667572, "Rotterdam": 1797.6768765330921, "Saarbr\u00fccken": 1840.7757135355168, "Salzburg": 2187.906797588036, "Warsaw": 3047.7043300117807}, "Marseille": {"Bremen": 1353.7387904793516, "Dresden": 1290.2830390395109, "Madrid": 764.0501884981617, "Marseille": 0.0, "Milan": 378.0084511249579, "Naples": 825.4154648563456, "Paris": 341.76213747293343, "Rotterdam": 869.6256396218927, "Saarbr\u00fccken": 905.4446860008761, "Salzburg": 829.3496933067709, "Warsaw": 2145.363908465755}, "Milan": {"Bremen": 882.0274352308651, "Dresden": 829.6464617006872, "Madrid": 1692.6966627948707, "Marseille": 291.64253329506965, "Milan": 0.0, "Naples": 363.355073229296, "Paris": 804.3010389494583, "Rotterdam": 864.4081763377694, "Saarbr\u00fccken": 418.9612997216535, "Salzburg": 357.04522548918385, "Warsaw": 1228.826661178384}, "Naples": {"Bremen": 1805.6790469540388, "Dresden": 1729.5660335981988, "Madrid": 2136.789627122283, "Marseille": 785.9908391348345, "Milan": 366.09787278181034, "Naples": 0.0, "Paris": 1772.5179269580015, "Rotterdam": 1802.6559471301018, "Saarbr\u00fccken": 1349.6401086154242, "Salzburg": 821.1920013120903, "Warsaw": 2170.8325213204494}, "Paris": {"Bremen": 882.4075884312967, "Dresden": 829.935400946219, "Madrid": 1226.747240970164, "Marseille": 292.5109110172822, "Milan": 851.890960169988, "Naples": 1780.556662511595, "Paris": 0.0, "Rotterdam": 408.994331071331, "Saarbr\u00fccken": 419.634124943643, "Salzburg": 830.0071637401976, "Warsaw": 1686.6610609311679}, "Rotterdam": {"Bremen": 396.050911266339, "Dresden": 353.4428081325412, "Madrid": 1696.1008172012675, "Marseille": 767.7619590113543, "Milan": 851.845496242774, "Naples": 1730.204663302957, "Paris": 327.5132708286616, "Rotterdam": 0.0, "Saarbr\u00fccken": 426.98730178490626, "Salzburg": 833.7400066811234, "Warsaw": 1235.588660898469}, "Saarbr\u00fccken": {"Bremen": 395.40876523877745, "Dresden": 349.9360242578287, "Madrid": 1682.8251720513128, "Marseille": 776.5022226226945, "Milan": 381.1396625876353, "Naples": 1265.130708529058, "Paris": 319.92808105232336, "Rotterdam": 413.83964276036573, "Saarbr\u00fccken": 0.0, "Salzburg": 365.1344373409073, "Warsaw": 1229.7170885691526}, "Salzburg": {"Bremen": 890.8336135233639, "Dresden": 357.43046727618236, "Madrid": 2136.6493679113937, "Marseille": 768.6023926179963, "Milan": 369.3179123786138, "Naples": 803.2006585320597, "Paris": 798.5174361045296, "Rotterdam": 866.525739108567, "Saarbr\u00fccken": 432.0958547814315, "Salzburg": 0.0, "Warsaw": 761.9903457178563}, "Warsaw": {"Bremen": 869.2550369054096, "Dresden": 356.6599334596157, "Madrid": 3054.9558684486656, "Marseille": 2139.9507736593564, "Milan": 1309.2996999889401, "Naples": 2197.456459220725, "Paris": 1710.4285155149116, "Rotterdam": 1334.7369152279105, "Saarbr\u00fccken": 1367.4555913505772, "Salzburg": 845.7990011488048, "Warsaw": 0.0}}