{"Bremen": {"Bremen": 0.0, "Dresden": 933.4822067064566, "Madrid": 4867.494441569342, "Marseille": 2730.077969811162, "Milan": 1842.7015071490077, "Naples": 2698.827586382459, "Paris": 1816.0645750355543, "Rotterdam": 932.3502344084587, "Saarbr\u00fccken": 999.0139165743976, "Salzburg": 1807.8738403271243, "Warsaw": 1758.2432496715728}, "Dresden": {"Bremen": 927.6525135673804, "Dresden": 0.0, "Madrid": 4815.796494974536, "Marseille": 2685.6213828340046, "Milan": 1810.1901738834686, "Naples": 2640.730782519095, "Paris": 1804.7604091044348, "Rotterdam": 951.6961146515603, "Saarbr\u00fccken": 948.7761036700173, "Salzburg": 906.1778854233738, "Warsaw": 843.9911573165007}, "Madrid": {"Bremen": 4939.032754413372, "Dresden": 4903.534218581627, "Madrid": 0.0, "Marseille": 2204.559762509318, "Milan": 3123.1210846274735, "Naples": 3970.548225772532, "Paris": 3101.217703038899, "Rotterdam": 4025.631540242657, "Saarbr\u00fccken": 4063.8527411732875, "Salzburg": 4003.281364808003, "Warsaw": 5722.729135431782}, "Marseille": {"Bremen": 2717.502532460382, "Dresden": 2738.9785213378864, "Madrid": 2130.9121444102384, "Marseille": 0.0, "Milan": 907.4712904846909, "Naples": 1754.0230467838064, "Paris": 909.3891943031838, "Rotterdam": 1820.3345246161887, "Saarbr\u00fccken": 1837.402281415564, "Salzburg": 1812.7607862525315, "Warsaw": 3557.6410672015127}, "Milan": {"Bremen": 1846.8096808433893, "Dresden": 1810.2088144717832, "Madrid": 3016.699755886624, "Marseille": 940.3188820866226, "Milan": 0.0, "Naples": 888.893479850443, "Paris": 1806.071271707851, "Rotterdam": 1856.7866281566853, "Saarbr\u00fccken": 944.0735453175448, "Salzburg": 880.3939877356897, "Warsaw": 2665.4652472175803}, "Naples": {"Bremen": 2699.3363348043285, "Dresden": 2703.018255569792, "Madrid": 3937.887345418548, "Marseille": 1796.2354398953905, "Milan": 907.725364252578, "Naples": 0.0, "Paris": 2686.435936317287, "Rotterdam": 2732.8039045950177, "Saarbr\u00fccken": 1800.015432794618, "Salzburg": 1789.1567894770087, "Warsaw": 3531.321440095731}, "Paris": {"Bremen": 1822.2947292613972, "Dresden": 1840.7545126353054, "Madrid": 3054.171301358474, "Marseille": 915.4306029596613, "Milan": 1800.1521630066077, "Naples": 2656.9951956931454, "Paris": 0.0, "Rotterdam": 924.1546449649975, "Saarbr\u00fccken": 916.1852597149083, "Salzburg": 1830.4297183514975, "Warsaw": 2681.5042409649996}, "Rotterdam": {"Bremen": 925.7395096566526, "Dresden": 920.5163838616362, "Madrid": 3897.370557980192, "Marseille": 1781.7516721446805, "Milan": 1844.5467321634862, "Naples": 2705.056297523745, "Paris": 880.852618587002, "Rotterdam": 0.0, "Saarbr\u00fccken": 935.5190891537437, "Salzburg": 1816.8492330451418, "Warsaw": 1793.2812949590927}, "Saarbr\u00fccken": {"Bremen": 924.6711690117501, "Dresden": 929.3329982818278, "Madrid": 3913.066166506385, "Marseille": 1788.6020068715202, "Milan": 910.598109826177, "Naples": 1767.5008344384753, "Paris": 875.4470628615685, "Rotterdam": 922.7760639396143, "Saarbr\u00fccken": 0.0, "Salzburg": 895.7136795866635, "Warsaw": 1778.1129297943835}, "Salzburg": {"Bremen": 1830.401937033816, "Dresden": 930.8996080984557, "Madrid": 3909.0741122683285, "Marseille": 1808.9945975024668, "Milan": 906.0098620800435, "Naples": 1762.0466499978374, "Paris": 1823.9742903525944, "Rotterdam": 1854.6838710459485, "Saarbr\u00fccken": 908.1104555245506, "Salzburg": 0.0, "Warsaw": 1770.2086019742264}, "Warsaw": {"Bremen": 1820.284025612485, "Dresden": 918.104861790182, "Madrid": 5725.365910492634, "Marseille": 3585.339208169228, "Milan": 2691.044391194644, "Naples": 3554.846454486802, "Paris": 2737.9528068226386, "Rotterdam": 1855.2401082243762, "Saarbr\u00fccken": 1850.1487968387416, "Salzburg": 1807.656706312243, "Warsaw": 0.0}}