{"Bremen": {"Bremen": 0.0, "Dresden": 534.4220186006849, "Madrid": 2371.9231968858576, "Marseille": 1437.392969615012, "Milan": 1055.4079162524915, "Naples": 1402.5617063076309, "Paris": 1004.082314386845, "Rotterdam": 527.6003989036301, "Saarbr\u00fccken": 530.8667249607131, "Salzburg": 973.3380566497316, "Warsaw": 915.1554592156695}, "Dresden": {"Bremen": 549.2176412417926, "Dresden": 0.0, "Madrid": 2308.581367361916, "Marseille": 1359.7815753488612, "Milan": 924.4963289733053, "Naples": 1331.1919350168453, "Paris": 984.4305867260274, "Rotterdam": 528.4481602730558, "Saarbr\u00fccken": 545.2705043801685, "Salzburg": 477.84439334404357, "Warsaw": 379.88695095991073}, "Madrid": {"Bremen": 2504.4264754143546, "Dresden": 2528.7792355988317, "Madrid": 0.0, "Marseille": 1045.2276527926829, "Milan": 1572.5992150103582, "Naples": 1933.0411455860587, "Paris": 1547.3550435554068, "Rotterdam": 2049.3427140865683, "Saarbr\u00fccken": 2064.368958386718, "Salzburg": 2012.5912012841113, "Warsaw": 2903.9982126900672}, "Marseille": {"Bremen": 1444.8887066528214, "Dresden": 1479.5088157285038, "Madrid": 1008.760626971873, "Marseille": 0.0, "Milan": 506.6338318875658, "Naples": 888.792670547043, "Paris": 495.6967764650622, "Rotterdam": 1023.2078969299558, "Saarbr\u00fccken": 1013.6476858207695, "Salzburg": 965.2978785792436, "Warsaw": 1847.381664910954}, "Milan": {"Bremen": 1038.9114972047266, "Dresden": 978.5336343022682, "Madrid": 1377.521390575052, "Marseille": 443.0100837335634, "Milan": 0.0, "Naples": 463.93344385987245, "Paris": 921.303058589863, "Rotterdam": 1025.3959069111293, "Saarbr\u00fccken": 528.0733175202771, "Salzburg": 486.3156317366707, "Warsaw": 1351.4698404710316}, "Naples": {"Bremen": 1471.3873418140022, "Dresden": 1466.6067269284845, "Madrid": 1887.839895518049, "Marseille": 947.7440558228544, "Milan": 540.3488814057104, "Naples": 0.0, "Paris": 1471.419724123487, "Rotterdam": 1522.0234541041298, "Saarbr\u00fccken": 982.7800038907001, "Salzburg": 946.3389059363523, "Warsaw": 1892.6034640802773}, "Paris": {"Bremen": 1001.4634221939167, "Dresden": 1016.7156567172384, "Madrid": 1441.0602122612347, "Marseille": 446.1896493154877, "Milan": 953.9190395224068, "Naples": 1420.626214577095, "Paris": 0.0, "Rotterdam": 546.0727506189186, "Saarbr\u00fccken": 543.4589037459612, "Salzburg": 997.3524350097014, "Warsaw": 1377.6441857744126}, "Rotterdam": {"Bremen": 524.4799765212692, "Dresden": 556.4286894665645, "Madrid": 1878.939455003914, "Marseille": 921.816337921175, "Milan": 1028.968996093169, "Naples": 1433.15563710363, "Paris": 511.48458559628517, "Rotterdam": 0.0, "Saarbr\u00fccken": 533.9113869559135, "Salzburg": 985.4452466597786, "Warsaw": 894.2814066718796}, "Saarbr\u00fccken": {"Bremen": 511.37209461893605, "Dresden": 552.5434784671133, "Madrid": 1854.9298068799178, "Marseille": 923.1389349548521, "Milan": 505.32948157110076, "Naples": 877.4991630565106, "Paris": 495.35780236857573, "Rotterdam": 545.9561973743911, "Saarbr\u00fccken": 0.0, "Salzburg": 483.85955106570793, "Warsaw": 893.5820845445869}, "Salzburg": {"Bremen": 1025.3957654012327, "Dresden": 553.4887874725905, "Madrid": 1848.22332573844, "Marseille": 918.3605384725462, "Milan": 488.9021436490384, "Naples": 912.8107788553723, "Paris": 984.1798605756641, "Rotterdam": 1061.110556429116, "Saarbr\u00fccken": 553.0487923909219, "Salzburg": 0.0, "Warsaw": 906.625222728374}, "Warsaw": {"Bremen": 1053.9769324305917, "Dresden": 528.4872442681674, "Madrid": 2846.1255826662523, "Marseille": 1904.1545174286075, "Milan": 1448.2198374359123, "Naples": 1867.0457340759062, "Paris": 1488.9902585539057, "Rotterdam": 1025.774512739392, "Saarbr\u00fccken": 1054.2093100069071, "Salzburg": 954.3596260849507, "Warsaw": 0.0}}