{"Bremen": {"Bremen": 0.0, "Dresden": 778.1348754598822, "Madrid": 4279.1048209906385, "Marseille": 2256.235253373926, "Milan": 1539.4635100508247, "Naples": 2272.8499577142466, "Paris": 1501.6242512731005, "Rotterdam": 774.6657310587956, "Saarbr\u00fccken": 810.059564810634, "Salzburg": 1524.9477487405459, "Warsaw": 1500.4416131272196}, "Dresden": {"Bremen": 765.4101228144298, "Dresden": 0.0, "Madrid": 4248.891883394375, "Marseille": 2258.876198866679, "Milan": 1494.700344526645, "Naples": 2223.987475919732, "Paris": 1516.017300983273, "Rotterdam": 775.5075374295938, "Saarbr\u00fccken": 793.7396573563203, "Salzburg": 763.9781401667074, "Warsaw": 713.0447735969198}, "Madrid": {"Bremen": 4345.58382240922, "Dresden": 4358.777535175894, "Madrid": 0.0, "Marseille": 2034.4468595342316, "Milan": 2811.382555434858, "Naples": 3560.8618616848285, "Paris": 2785.831951755392, "Rotterdam": 3567.2403487386023, "Saarbr\u00fccken": 3614.138590843666, "Salzburg": 3565.5339232706474, "Warsaw": 5037.5453003180555}, "Marseille": {"Bremen": 2271.6021985829902, "Dresden": 2297.3799329955455, "Madrid": 2023.4613448264543, "Marseille": 0.0, "Milan": 753.235491107823, "Naples": 1485.5469516928017, "Paris": 741.2101315985523, "Rotterdam": 1504.999168274454, "Saarbr\u00fccken": 1539.8772668072354, "Salzburg": 1505.7382754983435, "Warsaw": 2982.2957333466625}, "Milan": {"Bremen": 1516.8837532338948, "Dresden": 1532.8859593119553, "Madrid": 2757.9224545076286, "Marseille": 740.2082952224158, "Milan": 0.0, "Naples": 751.7522006172504, "Paris": 1493.3866988275283, "Rotterdam": 1562.1738888508137, "Saarbr\u00fccken": 776.5734302044511, "Salzburg": 761.1876742179353, "Warsaw": 2224.8855828633527}, "Naples": {"Bremen": 2296.3478465129187, "Dresden": 2297.628168699092, "Madrid": 3496.1340159593165, "Marseille": 1502.126650239101, "Milan": 740.5096466147583, "Naples": 0.0, "Paris": 2269.0709401701915, "Rotterdam": 2309.5815298570756, "Saarbr\u00fccken": 1517.4660357707594, "Salzburg": 1503.2303661412984, "Warsaw": 2984.9445773257517}, "Paris": {"Bremen": 1534.268144457651, "Dresden": 1547.8840826262774, "Madrid": 2768.4494508586067, "Marseille": 733.3988312070769, "Milan": 1527.6562704171386, "Naples": 2249.6461778295666, "Paris": 0.0, "Rotterdam": 762.0868398484787, "Saarbr\u00fccken": 794.424977276126, "Salzburg": 1546.4741426211333, "Warsaw": 2247.2769482916256}, "Rotterdam": {"Bremen": 766.0098779647285, "Dresden": 788.1748193609576, "Madrid": 3509.12701913321, "Marseille": 1474.8661726812845, "Milan": 1536.2808528888252, "Naples": 2269.791953815461, "Paris": 735.2128452834089, "Rotterdam": 0.0, "Saarbr\u00fccken": 800.7268780015156, "Salzburg": 1542.3377384905446, "Warsaw": 1505.4809656001783}, "Saarbr\u00fccken": {"Bremen": 766.6684881938437, "Dresden": 782.6954763503718, "Madrid": 3498.507341461473, "Marseille": 1473.8577153590743, "Milan": 751.2799111459715, "Naples": 1495.2345589747874, "Paris": 736.6442982122514, "Rotterdam": 773.0567770403699, "Saarbr\u00fccken": 0.0, "Salzburg": 768.8647389986397, "Warsaw": 1489.7601509454732}, "Salzburg": {"Bremen": 1552.6927253160493, "Dresden": 772.017894852598, "Madrid": 3493.0640401473406, "Marseille": 1484.6133534123126, "Milan": 741.3497708225218, "Naples": 1482.5797784825122, "Paris": 1535.7125599333804, "Rotterdam": 1564.041342343412, "Saarbr\u00fccken": 803.0588855803522, "Salzburg": 0.0, "Warsaw": 1471.679945800286}, "Warsaw": {"Bremen": 1554.0001570630034, "Dresden": 787.5787133089248, "Madrid": 5050.64524198931, "Marseille": 3059.4232620941084, "Milan": 2295.030410676364, "Naples": 2998.589184800802, "Paris": 2306.5909164615423, "Rotterdam": 1560.711737434185, "Saarbr\u00fccken": 1579.6760244766815, "Salzburg": 1547.3871216003406, "Warsaw": 0.0}}