{"Bremen": {"Bremen": 0.0, "Dresden": 847.5509736070743, "Madrid": 4539.695678581244, "Marseille": 2497.3482458080603, "Milan": 1698.1531456835576, "Naples": 2505.9257832637004, "Paris": 1662.355817205782, "Rotterdam": 836.030834554919, "Saarbr\u00fccken": 839.1148119646956, "Salzburg": 1654.975497226027, "Warsaw": 1610.136052581427}, "Dresden": {"Bremen": 834.5963005475863, "Dresden": 0.0, "Madrid": 4466.134080086347, "Marseille": 2440.1669823624525, "Milan": 1644.218655553522, "Naples": 2443.8827086029887, "Paris": 1659.5383565101722, "Rotterdam": 845.9051929556657, "Saarbr\u00fccken": 860.6448688210452, "Salzburg": 798.1268755496183, "Warsaw": 773.5292844391977}, "Madrid": {"Bremen": 4610.18030283142, "Dresden": 4629.856686645147, "Madrid": 0.0, "Marseille": 2179.4390377299255, "Milan": 2988.494635803006, "Naples": 3750.023389320983, "Paris": 2988.5918746648867, "Rotterdam": 3827.448126325589, "Saarbr\u00fccken": 3814.064829287834, "Salzburg": 3751.1547999625654, "Warsaw": 5393.327290021547}, "Marseille": {"Bremen": 2509.26471676685, "Dresden": 2499.0170410283918, "Madrid": 2103.3433950066437, "Marseille": 0.0, "Milan": 858.7502995999456, "Naples": 1625.6038836217947, "Paris": 834.6608479955047, "Rotterdam": 1679.874239191122, "Saarbr\u00fccken": 1688.572962633594, "Salzburg": 1638.82547170657, "Warsaw": 3268.150632989313}, "Milan": {"Bremen": 1692.1761228252412, "Dresden": 1664.761235114424, "Madrid": 2885.733959745921, "Marseille": 842.7606336451895, "Milan": 0.0, "Naples": 816.0912537159755, "Paris": 1659.5149521253811, "Rotterdam": 1683.1763315809553, "Saarbr\u00fccken": 823.8089927072924, "Salzburg": 803.2594613091604, "Warsaw": 2430.306695629216}, "Naples": {"Bremen": 2527.8038921070147, "Dresden": 2509.9534964899303, "Madrid": 3691.5223804394345, "Marseille": 1656.5209491540922, "Milan": 891.0786611333699, "Naples": 0.0, "Paris": 2476.4108056282, "Rotterdam": 2531.9185293951573, "Saarbr\u00fccken": 1691.3745549444234, "Salzburg": 1645.5043218890632, "Warsaw": 3269.8792923258075}, "Paris": {"Bremen": 1680.9504589213154, "Dresden": 1682.1614724149138, "Madrid": 2912.8711131665373, "Marseille": 845.5175776744915, "Milan": 1658.0108832861133, "Naples": 2459.748249061363, "Paris": 0.0, "Rotterdam": 834.5975940239869, "Saarbr\u00fccken": 866.0185570488408, "Salzburg": 1676.4920181939747, "Warsaw": 2451.6915889315087}, "Rotterdam": {"Bremen": 838.9218617818066, "Dresden": 848.1441684070063, "Madrid": 3729.0310631467687, "Marseille": 1673.6581371292204, "Milan": 1678.8224519875328, "Naples": 2497.2926851180214, "Paris": 832.8579635289415, "Rotterdam": 0.0, "Saarbr\u00fccken": 836.0580138930682, "Salzburg": 1656.9755241063342, "Warsaw": 1620.3417589644096}, "Saarbr\u00fccken": {"Bremen": 847.5993154184852, "Dresden": 840.1917298041105, "Madrid": 3687.0927386907074, "Marseille": 1652.816864335252, "Milan": 870.6587892459605, "Naples": 1648.6999113604686, "Paris": 829.342686136705, "Rotterdam": 832.6755859026313, "Saarbr\u00fccken": 0.0, "Salzburg": 810.1385351984957, "Warsaw": 1602.4745708777884}, "Salzburg": {"Bremen": 1691.0685753661678, "Dresden": 843.160343868678, "Madrid": 3672.457190724562, "Marseille": 1639.7620026943905, "Milan": 849.484622756751, "Naples": 1635.8494113051354, "Paris": 1685.8574779977791, "Rotterdam": 1687.22786345906, "Saarbr\u00fccken": 849.750585787079, "Salzburg": 0.0, "Warsaw": 1598.5926838960957}, "Warsaw": {"Bremen": 1684.617540174977, "Dresden": 840.4217767587106, "Madrid": 5339.196333705323, "Marseille": 3300.787898872495, "Milan": 2498.0901349088153, "Naples": 3284.219098096083, "Paris": 2518.3950241990174, "Rotterdam": 1702.4608120746368, "Saarbr\u00fccken": 1704.7263924003555, "Salzburg": 1658.9593194403753, "Warsaw": 0.0}}