{"Bremen": {"Bremen": 0.0, "Dresden": 1028.4477847583396, "Madrid": 5197.798926669557, "Marseille": 2973.2201807742454, "Milan": 2028.9094092250994, "Naples": 2992.5573114060953, "Paris": 2000.4708464352198, "Rotterdam": 1018.5907800292267, "Saarbr\u00fccken": 1070.488517861111, "Salzburg": 2017.5248937119109, "Warsaw": 1962.7077607746114}, "Dresden": {"Bremen": 999.4245422341523, "Dresden": 0.0, "Madrid": 5160.2732321186395, "Marseille": 2943.0965086521783, "Milan": 1983.8540286740467, "Naples": 2958.346271716225, "Paris": 2018.2992791553431, "Rotterdam": 1022.605362158065, "Saarbr\u00fccken": 1060.5717195538768, "Salzburg": 999.187825097188, "Warsaw": 938.6173610275708}, "Madrid": {"Bremen": 5315.655108554825, "Dresden": 5267.660728006863, "Madrid": 0.0, "Marseille": 2212.9936464358925, "Milan": 3277.32640277244, "Naples": 4279.850265974118, "Paris": 3227.6618150901986, "Rotterdam": 4295.353559449881, "Saarbr\u00fccken": 4328.972731579487, "Salzburg": 4255.993617616867, "Warsaw": 6210.079239304565}, "Marseille": {"Bremen": 3023.472812284946, "Dresden": 2985.9304030849344, "Madrid": 2185.4528614764595, "Marseille": 0.0, "Milan": 986.737105224438, "Naples": 1979.2382441048767, "Paris": 1001.970266391515, "Rotterdam": 2014.3096532065808, "Saarbr\u00fccken": 2030.1104191391573, "Salzburg": 1987.2965992471295, "Warsaw": 3918.383047210122}, "Milan": {"Bremen": 2047.4912566569772, "Dresden": 2002.6885121357739, "Madrid": 3186.0600603259436, "Marseille": 962.9109252069615, "Milan": 0.0, "Naples": 942.1099756248722, "Paris": 1998.2150115135669, "Rotterdam": 2050.2248279605515, "Saarbr\u00fccken": 1055.4778563464874, "Salzburg": 994.526961893521, "Warsaw": 2935.2801323549234}, "Naples": {"Bremen": 3023.4853818671563, "Dresden": 3004.9015429448846, "Madrid": 4189.643508628457, "Marseille": 1970.1417388843995, "Milan": 976.9082773577394, "Naples": 0.0, "Paris": 2975.0326279165697, "Rotterdam": 3025.581922394989, "Saarbr\u00fccken": 2019.5447286212707, "Salzburg": 1980.8182238684356, "Warsaw": 3946.5967660374426}, "Paris": {"Bremen": 2011.218810717389, "Dresden": 2038.3254793985254, "Madrid": 3155.240353221375, "Marseille": 951.427340348486, "Milan": 1983.9192087346332, "Naples": 2960.1375997321593, "Paris": 0.0, "Rotterdam": 1022.1646037502946, "Saarbr\u00fccken": 1053.0078392685564, "Salzburg": 2013.097278987685, "Warsaw": 2964.2889279487963}, "Rotterdam": {"Bremen": 988.2622711891769, "Dresden": 1020.373969099167, "Madrid": 4190.99264870131, "Marseille": 1966.637936205066, "Milan": 2014.6602515819222, "Naples": 2986.7449128939825, "Paris": 989.7520365953494, "Rotterdam": 0.0, "Saarbr\u00fccken": 1072.055921051931, "Salzburg": 2006.7233401764308, "Warsaw": 1951.9200320368288}, "Saarbr\u00fccken": {"Bremen": 995.5412038194004, "Dresden": 1029.7922227004153, "Madrid": 4171.838371158278, "Marseille": 1946.6961804516034, "Milan": 999.6387727028526, "Naples": 1981.4677228758824, "Paris": 992.7685133534245, "Rotterdam": 1015.9534215372627, "Saarbr\u00fccken": 0.0, "Salzburg": 1000.8397565935015, "Warsaw": 1962.1756975473204}, "Salzburg": {"Bremen": 2031.2133730386518, "Dresden": 1042.5528479516315, "Madrid": 4172.816569180689, "Marseille": 1947.7588279335953, "Milan": 989.0423577749756, "Naples": 1980.9525062244988, "Paris": 2004.938723922967, "Rotterdam": 2029.4323089960783, "Saarbr\u00fccken": 1066.125042724718, "Salzburg": 0.0, "Warsaw": 1954.265818881398}, "Warsaw": {"Bremen": 2024.021188703833, "Dresden": 1044.3736677448885, "Madrid": 6196.0710714860825, "Marseille": 3986.479415693488, "Milan": 2996.435206151853, "Naples": 3981.6893378608675, "Paris": 3035.6340109208436, "Rotterdam": 2051.2433782827625, "Saarbr\u00fccken": 2070.162967397778, "Salzburg": 2007.0672965355018, "Warsaw": 0.0}}