{"Bremen": {"Bremen": 0.0, "Dresden": 224.64809079979338, "Madrid": 1084.3247120291762, "Marseille": 608.3580741806145, "Milan": 482.5106285296694, "Naples": 643.2169698069639, "Paris": 397.398285201162, "Rotterdam": 256.50317255704635, "Saarbr\u00fccken": 268.9200461758894, "Salzburg": 424.92767284514395, "Warsaw": 388.09030610839704}, "Dresden": {"Bremen": 226.77655550318477, "Dresden": 0.0, "Madrid": 1074.127347764376, "Marseille": 567.8773008570541, "Milan": 432.4051807552433, "Naples": 571.1085713110622, "Paris": 410.20881149222686, "Rotterdam": 265.2225438973199, "Saarbr\u00fccken": 233.0792896538678, "Salzburg": 253.30319842631965, "Warsaw": 193.46844957464842}, "Madrid": {"Bremen": 1180.2147028002896, "Dresden": 1218.7542571595686, "Madrid": 0.0, "Marseille": 531.779660336002, "Milan": 761.3562598665033, "Naples": 931.6158919379462, "Paris": 756.3628225143924, "Rotterdam": 967.9160266170613, "Saarbr\u00fccken": 1009.2012938238455, "Salzburg": 983.7877410501759, "Warsaw": 1367.2173922992033}, "Marseille": {"Bremen": 635.6965320002702, "Dresden": 686.8985946874408, "Madrid": 492.7310581149886, "Marseille": 0.0, "Milan": 231.37187401932985, "Naples": 332.15201321058805, "Paris": 220.08616683303256, "Rotterdam": 461.67048175012263, "Saarbr\u00fccken": 490.7964046392417, "Salzburg": 452.05827589398064, "Warsaw": 842.0566089067411}, "Milan": {"Bremen": 467.23245992210786, "Dresden": 480.4466858151542, "Madrid": 662.5754369279699, "Marseille": 210.46748500902228, "Milan": 0.0, "Naples": 181.2669692025916, "Paris": 385.658781875852, "Rotterdam": 461.03783475086203, "Saarbr\u00fccken": 241.45255900606764, "Salzburg": 249.27119653056855, "Warsaw": 626.4990984880504}, "Naples": {"Bremen": 585.6613635708015, "Dresden": 638.4757938348276, "Madrid": 755.0389773658409, "Marseille": 344.6920992620731, "Milan": 230.39019732203482, "Naples": 0.0, "Paris": 621.5942289648931, "Rotterdam": 666.5234550553108, "Saarbr\u00fccken": 455.2669117688995, "Salzburg": 395.5338557850327, "Warsaw": 836.1720311095193}, "Paris": {"Bremen": 402.5118856894863, "Dresden": 465.49697277776716, "Madrid": 689.1849767012436, "Marseille": 209.8507752747271, "Milan": 406.613971637656, "Naples": 557.6472666254475, "Paris": 0.0, "Rotterdam": 263.9305888582498, "Saarbr\u00fccken": 249.41579394760424, "Salzburg": 365.96610242834805, "Warsaw": 607.6444294760181}, "Rotterdam": {"Bremen": 284.34831153596036, "Dresden": 242.25806955128292, "Madrid": 892.8997438056135, "Marseille": 396.0632386017989, "Milan": 440.91312053423525, "Naples": 630.143031304516, "Paris": 215.49447747881788, "Rotterdam": 0.0, "Saarbr\u00fccken": 240.099926801658, "Salzburg": 483.58342680932213, "Warsaw": 424.0965068428602}, "Saarbr\u00fccken": {"Bremen": 249.89586994727355, "Dresden": 235.52967514796532, "Madrid": 861.3383883044975, "Marseille": 407.11012131411906, "Milan": 245.38942666071074, "Naples": 393.63026568620904, "Paris": 222.27843526040445, "Rotterdam": 259.7518552230689, "Saarbr\u00fccken": 0.0, "Salzburg": 208.5378121053784, "Warsaw": 420.4613764219936}, "Salzburg": {"Bremen": 455.14402023696357, "Dresden": 260.8146576412326, "Madrid": 877.2803950516676, "Marseille": 415.1795275813895, "Milan": 214.3084985818144, "Naples": 357.82197806224974, "Paris": 432.16571537944685, "Rotterdam": 486.7816370307382, "Saarbr\u00fccken": 233.23136157255132, "Salzburg": 0.0, "Warsaw": 416.95136461030893}, "Warsaw": {"Bremen": 497.48094032031435, "Dresden": 242.12386592603087, "Madrid": 1336.0547861568182, "Marseille": 874.2911445875219, "Milan": 691.5120237184806, "Naples": 855.1570685815038, "Paris": 683.2098677781081, "Rotterdam": 498.51300216446504, "Saarbr\u00fccken": 489.6061791439497, "Salzburg": 459.2048790845933, "Warsaw": 0.0}}