{"Bremen": {"Bremen": 0.0, "Dresden": 310.36884958511365, "Madrid": 1363.8911266773841, "Marseille": 824.9649206161805, "Milan": 590.293688894309, "Naples": 806.7407320040273, "Paris": 572.5720228869945, "Rotterdam": 310.3753167124604, "Saarbr\u00fccken": 317.47966147865293, "Salzburg": 572.8801570860508, "Warsaw": 508.58411700322046}, "Dresden": {"Bremen": 295.5095401518534, "Dresden": 0.0, "Madrid": 1356.3926732108332, "Marseille": 807.3724478260806, "Milan": 545.0835325733824, "Naples": 767.5412580138579, "Paris": 558.9431376794957, "Rotterdam": 310.5921105158124, "Saarbr\u00fccken": 309.34616178656995, "Salzburg": 277.96176719026107, "Warsaw": 206.90890253600685}, "Madrid": {"Bremen": 1465.0267331815464, "Dresden": 1453.840168887906, "Madrid": 0.0, "Marseille": 614.1969064730737, "Milan": 898.3706191139663, "Naples": 1112.1078117252907, "Paris": 867.9780831308232, "Rotterdam": 1181.5234964879041, "Saarbr\u00fccken": 1174.6578709998316, "Salzburg": 1151.5288686162662, "Warsaw": 1651.296767045637}, "Marseille": {"Bremen": 870.0447388708164, "Dresden": 845.0896765018678, "Madrid": 542.179839991012, "Marseille": 0.0, "Milan": 298.9359181423065, "Naples": 501.03406211500817, "Paris": 272.20805423057726, "Rotterdam": 575.2795546659654, "Saarbr\u00fccken": 591.7679261956212, "Salzburg": 544.5883565567345, "Warsaw": 1043.3012200050332}, "Milan": {"Bremen": 608.9224755810351, "Dresden": 570.5610848592609, "Madrid": 798.6043058490147, "Marseille": 251.11748719702857, "Milan": 0.0, "Naples": 232.27380444870062, "Paris": 532.3298906106123, "Rotterdam": 608.3072430230809, "Saarbr\u00fccken": 307.8540966431085, "Salzburg": 267.7315632847958, "Warsaw": 765.2965443720502}, "Naples": {"Bremen": 856.7647431706265, "Dresden": 833.1081651707144, "Madrid": 1079.02681741174, "Marseille": 531.2324425141055, "Milan": 289.12252090926074, "Naples": 0.0, "Paris": 867.5175460419375, "Rotterdam": 871.6032471033806, "Saarbr\u00fccken": 570.6043420742608, "Salzburg": 547.9676542222634, "Warsaw": 1069.5585388503591}, "Paris": {"Bremen": 584.4655426978193, "Dresden": 588.6614444303798, "Madrid": 819.7321915723649, "Marseille": 264.1370092032573, "Milan": 569.2339721043841, "Naples": 799.4958436506789, "Paris": 0.0, "Rotterdam": 312.6013155835751, "Saarbr\u00fccken": 307.7363435240053, "Salzburg": 566.082902770342, "Warsaw": 789.7714598339923}, "Rotterdam": {"Bremen": 282.66555259899087, "Dresden": 312.35429969512046, "Madrid": 1080.6875957221469, "Marseille": 534.7744204079892, "Milan": 599.6207785034684, "Naples": 814.3359166687195, "Paris": 286.9417910993571, "Rotterdam": 0.0, "Saarbr\u00fccken": 322.33879214500894, "Salzburg": 573.449700782662, "Warsaw": 512.935663715576}, "Saarbr\u00fccken": {"Bremen": 309.8560154913778, "Dresden": 300.85876463915656, "Madrid": 1068.906352760672, "Marseille": 523.2199915639571, "Milan": 288.9587798587117, "Naples": 502.2831658530404, "Paris": 258.65734438575413, "Rotterdam": 308.92863515124367, "Saarbr\u00fccken": 0.0, "Salzburg": 306.8965487938904, "Warsaw": 499.30538679435483}, "Salzburg": {"Bremen": 587.8354730984781, "Dresden": 305.3249395831647, "Madrid": 1086.9296736450904, "Marseille": 538.5139809804099, "Milan": 288.04476924750077, "Naples": 513.5367542162901, "Paris": 575.9733520669064, "Rotterdam": 586.5542969063132, "Saarbr\u00fccken": 301.7569526616377, "Salzburg": 0.0, "Warsaw": 510.4755660280665}, "Warsaw": {"Bremen": 586.9340067258368, "Dresden": 309.30962675256484, "Madrid": 1644.5538375770832, "Marseille": 1097.8584068566927, "Milan": 849.8355959912387, "Naples": 1090.850185093547, "Paris": 862.9028240743049, "Rotterdam": 603.0956676621483, "Saarbr\u00fccken": 607.7955692196726, "Salzburg": 573.661838880087, "Warsaw": 0.0}}