{"Bremen": {"Bremen": 0.0, "Dresden": 835.3275004963826, "Madrid": 4614.083627728035, "Marseille": 2545.8663923217828, "Milan": 1719.5093857785505, "Naples": 2560.723842235876, "Paris": 1714.5306851190337, "Rotterdam": 851.4724843265736, "Saarbr\u00fccken": 887.0719047916608, "Salzburg": 1743.5160016603745, "Warsaw": 1635.9060550115173}, "Dresden": {"Bremen": 836.07413625676, "Dresden": 0.0, "Madrid": 4578.717758410348, "Marseille": 2523.62603939336, "Milan": 1707.5626265943492, "Naples": 2520.8698421222343, "Paris": 1692.8198500556884, "Rotterdam": 866.5259932421085, "Saarbr\u00fccken": 883.0958638980961, "Salzburg": 834.4850982078182, "Warsaw": 787.3410387441564}, "Madrid": {"Bremen": 4706.738925455997, "Dresden": 4717.708473217433, "Madrid": 0.0, "Marseille": 2138.8930814194705, "Milan": 3016.3652352847935, "Naples": 3851.2719216631776, "Paris": 2978.6591762547487, "Rotterdam": 3855.1413833114516, "Saarbr\u00fccken": 3888.2365382449066, "Salzburg": 3852.995632260189, "Warsaw": 5507.025074568242}, "Marseille": {"Bremen": 2570.5849636184007, "Dresden": 2574.6920118662038, "Madrid": 2061.716943601959, "Marseille": 0.0, "Milan": 872.8182003129267, "Naples": 1671.5342762263313, "Paris": 833.5003997829684, "Rotterdam": 1714.6126383320384, "Saarbr\u00fccken": 1710.4702003859018, "Salzburg": 1712.9068803691766, "Warsaw": 3360.4289008104483}, "Milan": {"Bremen": 1760.083167918984, "Dresden": 1700.6902981798971, "Madrid": 2913.9340404488216, "Marseille": 865.7343336497407, "Milan": 0.0, "Naples": 800.2974584663513, "Paris": 1692.1387364135471, "Rotterdam": 1746.6879633677947, "Saarbr\u00fccken": 878.085155388932, "Salzburg": 844.4253700247216, "Warsaw": 2498.090917503167}, "Naples": {"Bremen": 2600.8367514879133, "Dresden": 2553.8513722135444, "Madrid": 3768.4264158407177, "Marseille": 1696.1285448703727, "Milan": 882.5953435271026, "Naples": 0.0, "Paris": 2553.0378114677133, "Rotterdam": 2591.925768526055, "Saarbr\u00fccken": 1743.961209203914, "Salzburg": 1690.9600211030831, "Warsaw": 3340.2290022462244}, "Paris": {"Bremen": 1723.403580539076, "Dresden": 1716.1202438711096, "Madrid": 2904.134317770235, "Marseille": 852.3653682193525, "Milan": 1695.50062430158, "Naples": 2517.899358509769, "Paris": 0.0, "Rotterdam": 861.9890525899511, "Saarbr\u00fccken": 882.0549545665399, "Salzburg": 1708.2900889944735, "Warsaw": 2515.8845470030747}, "Rotterdam": {"Bremen": 841.0809071014437, "Dresden": 854.806599449258, "Madrid": 3720.81141081344, "Marseille": 1666.3142309562054, "Milan": 1732.8688534564267, "Naples": 2533.7635163382997, "Paris": 827.3622235717029, "Rotterdam": 0.0, "Saarbr\u00fccken": 880.7584525449172, "Salzburg": 1713.2532327939637, "Warsaw": 1650.2278041576403}, "Saarbr\u00fccken": {"Bremen": 848.993347347198, "Dresden": 849.8290963288505, "Madrid": 3764.916980569533, "Marseille": 1705.9122762751351, "Milan": 879.210742449797, "Naples": 1683.7163422360836, "Paris": 848.7302417680114, "Rotterdam": 865.9315681490426, "Saarbr\u00fccken": 0.0, "Salzburg": 847.1777806678631, "Warsaw": 1659.7959286484447}, "Salzburg": {"Bremen": 1705.0975970537463, "Dresden": 820.8757099893179, "Madrid": 3762.678638912597, "Marseille": 1696.3507981975683, "Milan": 871.1606702481699, "Naples": 1662.7973941793618, "Paris": 1713.8288561321801, "Rotterdam": 1723.153045954369, "Saarbr\u00fccken": 868.3390006307154, "Salzburg": 0.0, "Warsaw": 1654.838985777221}, "Warsaw": {"Bremen": 1717.975762450184, "Dresden": 839.8643539167679, "Madrid": 5449.072232692429, "Marseille": 3390.974777588372, "Milan": 2565.3614831184673, "Naples": 3373.719852367335, "Paris": 2557.0622285243358, "Rotterdam": 1699.6401422721342, "Saarbr\u00fccken": 1761.961127592386, "Salzburg": 1698.1577227723794, "Warsaw": 0.0}}