{"Bremen": {"Bremen": 0.0, "Dresden": 473.6434361476111, "Madrid": 2700.4661977779756, "Marseille": 1558.3953166609233, "Milan": 1074.6748440356996, "Naples": 2136.476690121988, "Paris": 1016.3989355678194, "Rotterdam": 510.35414333748236, "Saarbr\u00fccken": 483.3687423823705, "Salzburg": 1055.321860783704, "Warsaw": 963.9392424081719}, "Dresden": {"Bremen": 526.1979785738428, "Dresden": 0.0, "Madrid": 2700.2327642801547, "Marseille": 1535.2370931599332, "Milan": 1082.78670879808, "Naples": 2088.4040393182513, "Paris": 1005.0350290064295, "Rotterdam": 497.87607737372366, "Saarbr\u00fccken": 516.9170238062812, "Salzburg": 436.12147091187774, "Warsaw": 361.7782791319101}, "Madrid": {"Bremen": 2846.7594582147644, "Dresden": 2728.213557253414, "Madrid": 0.0, "Marseille": 992.6605449909214, "Milan": 2222.0113355110966, "Naples": 2655.1644988997837, "Paris": 1596.6499832498955, "Rotterdam": 2255.0327819896675, "Saarbr\u00fccken": 2281.8988631436714, "Salzburg": 2708.496764126745, "Warsaw": 3768.168057458}, "Marseille": {"Bremen": 1692.9347264693627, "Dresden": 1581.3516452039833, "Madrid": 957.1058911011207, "Marseille": 0.0, "Milan": 485.6755257860042, "Naples": 1011.4984916791592, "Paris": 387.6762512623338, "Rotterdam": 1122.496330046871, "Saarbr\u00fccken": 1128.5333448023332, "Salzburg": 1032.6812151182623, "Warsaw": 2635.473090676845}, "Milan": {"Bremen": 1122.8504219408542, "Dresden": 1066.4575757727162, "Madrid": 2122.971710610892, "Marseille": 370.0552768534274, "Milan": 0.0, "Naples": 382.6270915389603, "Paris": 1014.1690771744803, "Rotterdam": 1123.4555821794443, "Saarbr\u00fccken": 514.9176256601271, "Salzburg": 439.3560479073016, "Warsaw": 1547.3098886031123}, "Naples": {"Bremen": 2213.6406545279815, "Dresden": 2101.429182591298, "Madrid": 2662.4129091453124, "Marseille": 990.0382476887333, "Milan": 497.53628046734457, "Naples": 0.0, "Paris": 2061.1868680581183, "Rotterdam": 2165.043963378126, "Saarbr\u00fccken": 1656.8604493568866, "Salzburg": 1039.000354721746, "Warsaw": 2575.4565005553054}, "Paris": {"Bremen": 1112.7380944046683, "Dresden": 1039.0262447676914, "Madrid": 1545.7733054494513, "Marseille": 382.8947755496065, "Milan": 1100.4176814149853, "Naples": 2062.686285828827, "Paris": 0.0, "Rotterdam": 495.5688122712635, "Saarbr\u00fccken": 526.1976046802735, "Salzburg": 1039.7410543603087, "Warsaw": 2105.732967305809}, "Rotterdam": {"Bremen": 527.8265758115399, "Dresden": 441.2138240702954, "Madrid": 2128.2678492209634, "Marseille": 975.1653354492255, "Milan": 1065.5075687241385, "Naples": 2098.813714703314, "Paris": 413.9108360090056, "Rotterdam": 0.0, "Saarbr\u00fccken": 540.2393954451338, "Salzburg": 1069.0974342085033, "Warsaw": 1561.484765581375}, "Saarbr\u00fccken": {"Bremen": 534.5453659962205, "Dresden": 456.56615679664395, "Madrid": 2143.7685781997993, "Marseille": 963.9488904533179, "Milan": 489.4052189450952, "Naples": 1576.2483669579512, "Paris": 402.89240977174603, "Rotterdam": 493.8872865661219, "Saarbr\u00fccken": 0.0, "Salzburg": 449.91373266168773, "Warsaw": 1556.9534577081185}, "Salzburg": {"Bremen": 1107.3022906069127, "Dresden": 433.7772093616158, "Madrid": 2694.384778012174, "Marseille": 973.0550653435931, "Milan": 476.2911880959821, "Naples": 1017.9990616437188, "Paris": 1011.7157423586308, "Rotterdam": 1098.823918369668, "Saarbr\u00fccken": 523.8555641522341, "Salzburg": 0.0, "Warsaw": 962.1942954224851}, "Warsaw": {"Bremen": 1114.4334325820585, "Dresden": 451.47534965715465, "Madrid": 3842.448023107052, "Marseille": 2616.2578761172986, "Milan": 1645.9491604416994, "Naples": 2608.3070747737365, "Paris": 2126.0544013120184, "Rotterdam": 1699.9347765945129, "Saarbr\u00fccken": 1714.598602049096, "Salzburg": 1049.708350022794, "Warsaw": 0.0}}