{"Bremen": {"Bremen": 0.0, "Dresden": 804.4657448058916, "Madrid": 4333.694926666117, "Marseille": 2323.603830132972, "Milan": 1615.657814024487, "Naples": 2348.648507021328, "Paris": 1551.146500560765, "Rotterdam": 807.6410106333328, "Saarbr\u00fccken": 844.6512076322688, "Salzburg": 1566.7225612450407, "Warsaw": 1516.0844806897499}, "Dresden": {"Bremen": 784.3915933955041, "Dresden": 0.0, "Madrid": 4289.0079219065365, "Marseille": 2305.6533431513276, "Milan": 1563.3328412026908, "Naples": 2300.9930819636284, "Paris": 1561.4835199694694, "Rotterdam": 796.2094910651837, "Saarbr\u00fccken": 802.871471610869, "Salzburg": 754.1242088764349, "Warsaw": 733.9028202391924}, "Madrid": {"Bremen": 4396.234283059908, "Dresden": 4465.034076136437, "Madrid": 0.0, "Marseille": 2152.294766125322, "Milan": 2864.21157014727, "Naples": 3599.311961094868, "Paris": 2866.0678732240513, "Rotterdam": 3660.768747007409, "Saarbr\u00fccken": 3653.4508394622026, "Salzburg": 3630.21165205042, "Warsaw": 5118.351106320426}, "Marseille": {"Bremen": 2334.604929439103, "Dresden": 2433.5012641404473, "Madrid": 2049.969974539013, "Marseille": 0.0, "Milan": 801.8127356540391, "Naples": 1540.773134721036, "Paris": 754.9574790726992, "Rotterdam": 1559.4824776126993, "Saarbr\u00fccken": 1572.6096116484505, "Salzburg": 1564.1099779305985, "Warsaw": 3094.153666882328}, "Milan": {"Bremen": 1543.9956533121356, "Dresden": 1570.1589572047194, "Madrid": 2738.781899666956, "Marseille": 775.5864842318455, "Milan": 0.0, "Naples": 766.5940401999135, "Paris": 1553.0487392231498, "Rotterdam": 1601.4800333126827, "Saarbr\u00fccken": 787.5523396746042, "Salzburg": 733.3884143938162, "Warsaw": 2268.424343047561}, "Naples": {"Bremen": 2377.5078010830307, "Dresden": 2359.8248970485024, "Madrid": 3533.2589477648135, "Marseille": 1541.8561850499095, "Milan": 790.7561638394272, "Naples": 0.0, "Paris": 2340.366896909848, "Rotterdam": 2375.2772811245595, "Saarbr\u00fccken": 1585.9253201615452, "Salzburg": 1565.614849515587, "Warsaw": 3063.5487548929486}, "Paris": {"Bremen": 1556.6325629211485, "Dresden": 1635.3069641524833, "Madrid": 2801.897562837231, "Marseille": 789.1210244571001, "Milan": 1558.5187253821925, "Naples": 2291.149186569235, "Paris": 0.0, "Rotterdam": 786.085930940929, "Saarbr\u00fccken": 828.896417377041, "Salzburg": 1570.9350280058136, "Warsaw": 2342.243647452974}, "Rotterdam": {"Bremen": 775.5544029901922, "Dresden": 794.8691684996008, "Madrid": 3497.6798936314804, "Marseille": 1530.6054444443537, "Milan": 1594.6343789852572, "Naples": 2338.8741057236844, "Paris": 756.6294612374204, "Rotterdam": 0.0, "Saarbr\u00fccken": 827.1381849549656, "Salzburg": 1578.273129481114, "Warsaw": 1531.0306658840007}, "Saarbr\u00fccken": {"Bremen": 754.9310927880493, "Dresden": 798.3242107980756, "Madrid": 3542.374686590188, "Marseille": 1543.3085648710587, "Milan": 793.3816098533287, "Naples": 1539.4815499960387, "Paris": 772.4149067332539, "Rotterdam": 794.8982691391242, "Saarbr\u00fccken": 0.0, "Salzburg": 751.7704058071902, "Warsaw": 1525.2452939629534}, "Salzburg": {"Bremen": 1570.8119001235495, "Dresden": 804.5999932319321, "Madrid": 3560.4411113083243, "Marseille": 1567.8983652527804, "Milan": 799.1070313175001, "Naples": 1534.0768380259638, "Paris": 1599.7271964213412, "Rotterdam": 1598.755024149439, "Saarbr\u00fccken": 858.1861562573237, "Salzburg": 0.0, "Warsaw": 1517.6797210225038}, "Warsaw": {"Bremen": 1565.7241256295613, "Dresden": 773.3682684846366, "Madrid": 5103.369308171661, "Marseille": 3109.6574083456317, "Milan": 2357.473764921165, "Naples": 3101.1267866174476, "Paris": 2368.4670466643006, "Rotterdam": 1583.3097297058498, "Saarbr\u00fccken": 1588.7504405924815, "Salzburg": 1558.8746403378389, "Warsaw": 0.0}}