{"Bremen": {"Bremen": 0.0, "Dresden": 814.5029875550106, "Madrid": 4263.634821544156, "Marseille": 2299.829011653637, "Milan": 1577.8660742606855, "Naples": 2299.778223805254, "Paris": 1525.8890088776175, "Rotterdam": 810.2393990044537, "Saarbr\u00fccken": 816.5660519702395, "Salzburg": 1512.6363843129911, "Warsaw": 1467.2517610959862}, "Dresden": {"Bremen": 815.9343025201179, "Dresden": 0.0, "Madrid": 4280.3940999539755, "Marseille": 2294.0077213271697, "Milan": 1540.5031866074794, "Naples": 2260.5722013827594, "Paris": 1525.4248325915278, "Rotterdam": 789.6263674816176, "Saarbr\u00fccken": 801.6614036012609, "Salzburg": 791.4895804751828, "Warsaw": 711.1835120296879}, "Madrid": {"Bremen": 4419.962264278796, "Dresden": 4389.460421252942, "Madrid": 0.0, "Marseille": 2146.2578391925463, "Milan": 2901.844861663542, "Naples": 3616.6509952648876, "Paris": 2863.6805556299023, "Rotterdam": 3632.980287613284, "Saarbr\u00fccken": 3620.584114566217, "Salzburg": 3608.845538961936, "Warsaw": 5109.2918959368135}, "Marseille": {"Bremen": 2336.0545139770184, "Dresden": 2304.924621095775, "Madrid": 1958.7061566978361, "Marseille": 0.0, "Milan": 794.356149405097, "Naples": 1502.1668058273003, "Paris": 763.5676460615314, "Rotterdam": 1549.461916564824, "Saarbr\u00fccken": 1554.773939291056, "Salzburg": 1534.7094197756958, "Warsaw": 3013.5453276636363}, "Milan": {"Bremen": 1568.5883704188818, "Dresden": 1539.9966257813567, "Madrid": 2746.734549163633, "Marseille": 794.3605361970008, "Milan": 0.0, "Naples": 758.0379462621846, "Paris": 1537.0234704034115, "Rotterdam": 1597.7629929349926, "Saarbr\u00fccken": 801.0254832474114, "Salzburg": 799.7646606286385, "Warsaw": 2242.1735130967136}, "Naples": {"Bremen": 2328.7413285450407, "Dresden": 2316.75996622195, "Madrid": 3509.2361052397982, "Marseille": 1544.1996687313672, "Milan": 803.8029572276533, "Naples": 0.0, "Paris": 2302.394596732107, "Rotterdam": 2335.333741592463, "Saarbr\u00fccken": 1555.215900093021, "Salzburg": 1531.1663546960788, "Warsaw": 3011.251278580126}, "Paris": {"Bremen": 1564.9431126543338, "Dresden": 1562.4479340488444, "Madrid": 2762.851448842881, "Marseille": 823.3452852541006, "Milan": 1546.3497881671833, "Naples": 2275.6146416196416, "Paris": 0.0, "Rotterdam": 794.3494905440028, "Saarbr\u00fccken": 816.9193721473723, "Salzburg": 1576.4008306856265, "Warsaw": 2266.2075401111615}, "Rotterdam": {"Bremen": 803.883596986034, "Dresden": 803.7263716011129, "Madrid": 3479.79549019503, "Marseille": 1546.160601046085, "Milan": 1553.6674398895111, "Naples": 2305.0014362781467, "Paris": 782.7528160200699, "Rotterdam": 0.0, "Saarbr\u00fccken": 791.986177106245, "Salzburg": 1525.8789037771294, "Warsaw": 1469.1506600589064}, "Saarbr\u00fccken": {"Bremen": 793.2740152711478, "Dresden": 807.2689301370234, "Madrid": 3529.058010867014, "Marseille": 1543.7369481855644, "Milan": 804.6207761243231, "Naples": 1508.2041028364047, "Paris": 757.5735116627038, "Rotterdam": 802.1763722557472, "Saarbr\u00fccken": 0.0, "Salzburg": 808.0398939373753, "Warsaw": 1500.1385138868275}, "Salzburg": {"Bremen": 1541.419373518922, "Dresden": 819.3469370387489, "Madrid": 3514.3364330517693, "Marseille": 1536.5064771402651, "Milan": 788.8949217896268, "Naples": 1512.46060759212, "Paris": 1561.4319808293426, "Rotterdam": 1590.7497733120406, "Saarbr\u00fccken": 808.8190070429694, "Salzburg": 0.0, "Warsaw": 1515.966217628097}, "Warsaw": {"Bremen": 1525.3203212094916, "Dresden": 825.4576887188215, "Madrid": 5060.863681643635, "Marseille": 3056.644065732568, "Milan": 2334.351161608477, "Naples": 3045.7957068006613, "Paris": 2300.5213202789273, "Rotterdam": 1546.8982996333461, "Saarbr\u00fccken": 1579.1734601866322, "Salzburg": 1539.1726601499543, "Warsaw": 0.0}}