{"Bremen": {"Bremen": 0.0, "Dresden": 294.7386764718651, "Madrid": 1844.0673060630888, "Marseille": 1055.3618804202827, "Milan": 730.2456469929741, "Naples": 1498.69207481063, "Paris": 707.666000204506, "Rotterdam": 343.14580361594807, "Saarbr\u00fccken": 365.40590864688113, "Salzburg": 730.0192628987098, "Warsaw": 668.5857940716204}, "Dresden": {"Bremen": 367.57348702967045, "Dresden": 0.0, "Madrid": 1840.7189725586275, "Marseille": 1062.8229029182298, "Milan": 742.4632251378329, "Naples": 1514.3324166519737, "Paris": 692.3561165123969, "Rotterdam": 336.0101483345054, "Saarbr\u00fccken": 337.6288065666667, "Salzburg": 295.16942282653474, "Warsaw": 250.45499768269562}, "Madrid": {"Bremen": 1990.8182229488846, "Dresden": 1874.355221292384, "Madrid": 0.0, "Marseille": 663.2597978390386, "Milan": 1533.476457092145, "Naples": 1886.94448997526, "Paris": 1093.4103311319657, "Rotterdam": 1543.5435744472202, "Saarbr\u00fccken": 1568.0754854474785, "Salzburg": 1874.9909785122895, "Warsaw": 2633.554623426378}, "Marseille": {"Bremen": 1166.2877465820352, "Dresden": 1115.3452116153826, "Madrid": 655.5841137458114, "Marseille": 0.0, "Milan": 331.2215582547216, "Naples": 731.1340915583235, "Paris": 277.08780373117395, "Rotterdam": 754.0964641361037, "Saarbr\u00fccken": 776.5591818519206, "Salzburg": 724.5350163234837, "Warsaw": 1854.5730533557412}, "Milan": {"Bremen": 769.7834466361497, "Dresden": 712.3527802589418, "Madrid": 1454.5502588750471, "Marseille": 249.28176391678568, "Milan": 0.0, "Naples": 303.7887276184096, "Paris": 696.2680026916843, "Rotterdam": 758.8719857161391, "Saarbr\u00fccken": 353.2340333605476, "Salzburg": 305.53618748811124, "Warsaw": 1067.6715982626795}, "Naples": {"Bremen": 1570.5543291296865, "Dresden": 1514.5365798952562, "Madrid": 1858.1315632403619, "Marseille": 687.3432049178904, "Milan": 303.19694623417064, "Naples": 0.0, "Paris": 1564.5962194036974, "Rotterdam": 1552.827267297852, "Saarbr\u00fccken": 1167.059837364046, "Salzburg": 714.8133908990507, "Warsaw": 1899.0282449575736}, "Paris": {"Bremen": 767.5700788390164, "Dresden": 719.2731098099555, "Madrid": 1053.5028243471158, "Marseille": 246.1168554435409, "Milan": 746.8867076287072, "Naples": 1558.1713309530605, "Paris": 0.0, "Rotterdam": 354.0410151339899, "Saarbr\u00fccken": 367.2344645157376, "Salzburg": 719.3640168675979, "Warsaw": 1464.1597667873837}, "Rotterdam": {"Bremen": 355.24101711071154, "Dresden": 305.40654007401264, "Madrid": 1457.4536435852308, "Marseille": 657.1301421857985, "Milan": 744.8005960787235, "Naples": 1518.1340295415453, "Paris": 271.4374601710929, "Rotterdam": 0.0, "Saarbr\u00fccken": 347.3790385743191, "Salzburg": 720.5662448837935, "Warsaw": 1066.92577811812}, "Saarbr\u00fccken": {"Bremen": 359.50623478697054, "Dresden": 294.3678416774604, "Madrid": 1436.397698849682, "Marseille": 662.1756538574625, "Milan": 341.06628131203587, "Naples": 1106.8599081142154, "Paris": 273.3328423032116, "Rotterdam": 343.7638788423334, "Saarbr\u00fccken": 0.0, "Salzburg": 302.370795296432, "Warsaw": 1066.8266629262637}, "Salzburg": {"Bremen": 762.8077060474129, "Dresden": 291.14961825821837, "Madrid": 1856.798065855629, "Marseille": 662.7645769362003, "Milan": 314.3227532577526, "Naples": 706.962691356012, "Paris": 691.0962862272696, "Rotterdam": 756.2133806842864, "Saarbr\u00fccken": 357.86867379208775, "Salzburg": 0.0, "Warsaw": 660.7328386866194}, "Warsaw": {"Bremen": 743.9526409614074, "Dresden": 290.19785217947646, "Madrid": 2635.42494560916, "Marseille": 1846.6061810719887, "Milan": 1138.9189391311713, "Naples": 1926.8241510279931, "Paris": 1476.896229588288, "Rotterdam": 1176.1919323623238, "Saarbr\u00fccken": 1173.4559800795587, "Salzburg": 719.3335488801065, "Warsaw": 0.0}}