{"Bremen": {"Bremen": 0.0, "Dresden": 847.2883141616869, "Madrid": 4468.746457920289, "Marseille": 2450.369799945421, "Milan": 1676.273605749767, "Naples": 2456.374042786043, "Paris": 1645.6191728976728, "Rotterdam": 836.1863433384334, "Saarbr\u00fccken": 905.9953854823935, "Salzburg": 1646.697814944764, "Warsaw": 1579.9092121817416}, "Dresden": {"Bremen": 831.405383543713, "Dresden": 0.0, "Madrid": 4424.356533199802, "Marseille": 2414.4366941723047, "Milan": 1622.1633838213907, "Naples": 2415.8948847831725, "Paris": 1637.1094160544314, "Rotterdam": 838.8811766989353, "Saarbr\u00fccken": 873.1276477286962, "Salzburg": 812.4409675970747, "Warsaw": 749.7887981319035}, "Madrid": {"Bremen": 4585.3149645184485, "Dresden": 4612.094844411845, "Madrid": 0.0, "Marseille": 2096.961851421875, "Milan": 2937.197551784624, "Naples": 3729.2262766563294, "Paris": 2929.5874301298327, "Rotterdam": 3757.8561012817686, "Saarbr\u00fccken": 3783.059680548606, "Salzburg": 3775.95448979035, "Warsaw": 5367.952326626031}, "Marseille": {"Bremen": 2473.1266893337406, "Dresden": 2484.074847278977, "Madrid": 2036.1398673661663, "Marseille": 0.0, "Milan": 812.5886699097211, "Naples": 1598.7299097374134, "Paris": 833.4609696774099, "Rotterdam": 1656.2778657988629, "Saarbr\u00fccken": 1677.7228459256003, "Salzburg": 1630.320094980098, "Warsaw": 3240.134373317574}, "Milan": {"Bremen": 1707.668508032324, "Dresden": 1654.0278714734209, "Madrid": 2819.368689079653, "Marseille": 801.1320725093839, "Milan": 0.0, "Naples": 799.6259623641331, "Paris": 1634.5473862074111, "Rotterdam": 1703.8838858301165, "Saarbr\u00fccken": 903.9595401896643, "Salzburg": 811.1056438302357, "Warsaw": 2418.588964523082}, "Naples": {"Bremen": 2502.0148528253253, "Dresden": 2481.4869546245127, "Madrid": 3630.734106429632, "Marseille": 1622.8196712459821, "Milan": 815.5465321713539, "Naples": 0.0, "Paris": 2449.2565109418483, "Rotterdam": 2501.7957793931255, "Saarbr\u00fccken": 1665.8210055760683, "Salzburg": 1614.5396151730793, "Warsaw": 3224.5528769545863}, "Paris": {"Bremen": 1658.5927058469454, "Dresden": 1675.797927203556, "Madrid": 2833.485195513751, "Marseille": 795.8250582820872, "Milan": 1631.8364149242027, "Naples": 2421.105764163901, "Paris": 0.0, "Rotterdam": 828.8247174624274, "Saarbr\u00fccken": 879.6496327897703, "Salzburg": 1651.4828666555045, "Warsaw": 2426.108587937918}, "Rotterdam": {"Bremen": 833.7902723065778, "Dresden": 850.8116921658816, "Madrid": 3645.1751387320483, "Marseille": 1621.9635652166082, "Milan": 1679.0594209244396, "Naples": 2444.825931887839, "Paris": 838.2425832941369, "Rotterdam": 0.0, "Saarbr\u00fccken": 898.6683650094762, "Salzburg": 1653.7373965698569, "Warsaw": 1588.291019844179}, "Saarbr\u00fccken": {"Bremen": 822.0006646622348, "Dresden": 850.0222837742256, "Madrid": 3644.1063683049056, "Marseille": 1610.4201235158744, "Milan": 825.4681357230406, "Naples": 1605.2491633159104, "Paris": 817.896283713131, "Rotterdam": 844.9190945186267, "Saarbr\u00fccken": 0.0, "Salzburg": 817.3316766178693, "Warsaw": 1595.3381053515116}, "Salzburg": {"Bremen": 1670.1930465830812, "Dresden": 852.83517265302, "Madrid": 3626.3383386678547, "Marseille": 1609.0053884555755, "Milan": 821.1870406049114, "Naples": 1611.0337140011345, "Paris": 1660.1450664079523, "Rotterdam": 1686.78963518117, "Saarbr\u00fccken": 927.0864629802223, "Salzburg": 0.0, "Warsaw": 1603.9044560231187}, "Warsaw": {"Bremen": 1669.3262290060209, "Dresden": 835.0574679255645, "Madrid": 5285.015257254318, "Marseille": 3264.875617177345, "Milan": 2459.8754278270853, "Naples": 3258.0885146852406, "Paris": 2477.180872906925, "Rotterdam": 1678.0256475634753, "Saarbr\u00fccken": 1702.9012728559974, "Salzburg": 1644.4710923083437, "Warsaw": 0.0}}