{"Bremen": {"Bremen": 0.0, "Dresden": 945.8962517468386, "Madrid": 4846.94638116382, "Marseille": 2715.446357502162, "Milan": 1840.15045916285, "Naples": 2705.2648016625553, "Paris": 1814.6941469881829, "Rotterdam": 965.185890263403, "Saarbr\u00fccken": 955.2109809573067, "Salzburg": 1827.2192988192578, "Warsaw": 1761.4283246000257}, "Dresden": {"Bremen": 950.7282905093497, "Dresden": 0.0, "Madrid": 4882.539326840096, "Marseille": 2732.0600060556853, "Milan": 1829.8603144958934, "Naples": 2675.338797559756, "Paris": 1820.5085714768657, "Rotterdam": 950.5848016951088, "Saarbr\u00fccken": 966.037695196331, "Salzburg": 891.6912687882134, "Warsaw": 843.2937141823569}, "Madrid": {"Bremen": 4938.300884998938, "Dresden": 4928.647895933866, "Madrid": 0.0, "Marseille": 2181.2338879468844, "Milan": 3145.4221858181404, "Naples": 4000.083159891953, "Paris": 3134.981031366931, "Rotterdam": 4072.547117139248, "Saarbr\u00fccken": 4071.7046357696486, "Salzburg": 3996.365248685248, "Warsaw": 5763.000152718566}, "Marseille": {"Bremen": 2738.422349804682, "Dresden": 2709.40277714391, "Madrid": 2203.008227587496, "Marseille": 0.0, "Milan": 932.3863904783507, "Naples": 1788.019162026901, "Paris": 913.7774335265724, "Rotterdam": 1851.1211725928495, "Saarbr\u00fccken": 1832.1035195073227, "Salzburg": 1779.345794108482, "Warsaw": 3547.3937872986467}, "Milan": {"Bremen": 1855.6965471701892, "Dresden": 1821.0524368265183, "Madrid": 3089.7689344755954, "Marseille": 902.7841399491906, "Milan": 0.0, "Naples": 900.8320741212713, "Paris": 1822.380900387835, "Rotterdam": 1852.482188005656, "Saarbr\u00fccken": 941.6060901617865, "Salzburg": 892.0082374774561, "Warsaw": 2675.058848887934}, "Naples": {"Bremen": 2767.8694632692036, "Dresden": 2727.452462690528, "Madrid": 3949.70186425574, "Marseille": 1822.5712851269782, "Milan": 923.5509354606785, "Naples": 0.0, "Paris": 2724.525984337792, "Rotterdam": 2747.3543886172824, "Saarbr\u00fccken": 1836.8014180126147, "Salzburg": 1808.1432930092337, "Warsaw": 3561.6481284520346}, "Paris": {"Bremen": 1828.503720581745, "Dresden": 1843.315954816663, "Madrid": 3081.5323736403457, "Marseille": 878.3812384275348, "Milan": 1850.522077058804, "Naples": 2694.156443534857, "Paris": 0.0, "Rotterdam": 938.9426961717011, "Saarbr\u00fccken": 947.4376086838924, "Salzburg": 1833.224876565444, "Warsaw": 2698.5357332875988}, "Rotterdam": {"Bremen": 935.1367641776421, "Dresden": 934.3742273609208, "Madrid": 3969.506139983556, "Marseille": 1806.7154888646294, "Milan": 1845.8135723731796, "Naples": 2724.315993070358, "Paris": 906.4123715606031, "Rotterdam": 0.0, "Saarbr\u00fccken": 969.0041196354578, "Salzburg": 1837.2781563459316, "Warsaw": 1785.297018876832}, "Saarbr\u00fccken": {"Bremen": 936.1452717764541, "Dresden": 927.9544984390808, "Madrid": 3962.6488426232936, "Marseille": 1808.0389765027335, "Milan": 914.3670180925117, "Naples": 1787.0697199634362, "Paris": 918.340721890933, "Rotterdam": 930.6244685182417, "Saarbr\u00fccken": 0.0, "Salzburg": 880.3474384752354, "Warsaw": 1769.747874027888}, "Salzburg": {"Bremen": 1854.920685057, "Dresden": 958.9135714758802, "Madrid": 3979.130221985581, "Marseille": 1834.6999713590733, "Milan": 925.3323537262332, "Naples": 1799.388875030014, "Paris": 1830.8169331188762, "Rotterdam": 1852.0396910466427, "Saarbr\u00fccken": 984.0958429014938, "Salzburg": 0.0, "Warsaw": 1796.7690953786614}, "Warsaw": {"Bremen": 1853.8870767670717, "Dresden": 949.0449944054276, "Madrid": 5793.193039594257, "Marseille": 3659.557941198251, "Milan": 2765.5160199204847, "Naples": 3601.375452237833, "Paris": 2748.4859277691016, "Rotterdam": 1858.6524980196898, "Saarbr\u00fccken": 1886.1933116986854, "Salzburg": 1833.589156754937, "Warsaw": 0.0}}