{"Bremen": {"Bremen": 0.0, "Dresden": 826.0056775554083, "Madrid": 4323.360396175472, "Marseille": 2321.3193256852387, "Milan": 1591.6791496714777, "Naples": 2339.345477619971, "Paris": 1555.8468681790137, "Rotterdam": 794.0925649911884, "Saarbr\u00fccken": 803.6965653985326, "Salzburg": 1553.2108528780857, "Warsaw": 1529.0789185723168}, "Dresden": {"Bremen": 821.1680176326784, "Dresden": 0.0, "Madrid": 4312.03677070893, "Marseille": 2334.448953922823, "Milan": 1552.9114285668, "Naples": 2293.031365583539, "Paris": 1560.9143439394838, "Rotterdam": 797.4297031552217, "Saarbr\u00fccken": 817.2239363136458, "Salzburg": 765.1667788275398, "Warsaw": 719.9033985923581}, "Madrid": {"Bremen": 4436.3623985242, "Dresden": 4471.106869124362, "Madrid": 0.0, "Marseille": 2090.393223537476, "Milan": 2867.1032454266983, "Naples": 3595.42808001857, "Paris": 2877.4946758205583, "Rotterdam": 3659.035054735685, "Saarbr\u00fccken": 3677.865477449327, "Salzburg": 3660.1618363407656, "Warsaw": 5193.072182297425}, "Marseille": {"Bremen": 2361.3415095336086, "Dresden": 2357.2372827904933, "Madrid": 1966.4089907652747, "Marseille": 0.0, "Milan": 787.9557973493032, "Naples": 1548.569198704491, "Paris": 795.6514102219685, "Rotterdam": 1579.6921377904584, "Saarbr\u00fccken": 1602.6300215304855, "Salzburg": 1550.4783353774376, "Warsaw": 3077.502260481818}, "Milan": {"Bremen": 1619.661548042995, "Dresden": 1568.3011996476773, "Madrid": 2769.3732924022524, "Marseille": 771.8800201676648, "Milan": 0.0, "Naples": 758.0813995452619, "Paris": 1546.4113843599328, "Rotterdam": 1603.2378557885115, "Saarbr\u00fccken": 807.6574163538306, "Salzburg": 769.0157543402271, "Warsaw": 2283.8093440074267}, "Naples": {"Bremen": 2378.6623338757518, "Dresden": 2358.079271287974, "Madrid": 3545.901552016344, "Marseille": 1551.332420567579, "Milan": 806.4146201680651, "Naples": 0.0, "Paris": 2331.6433393366974, "Rotterdam": 2357.2832319649706, "Saarbr\u00fccken": 1579.0529802922113, "Salzburg": 1553.4004291799858, "Warsaw": 3072.4668025340134}, "Paris": {"Bremen": 1598.1461160584818, "Dresden": 1598.0550060568407, "Madrid": 2741.1427241394354, "Marseille": 778.989018409458, "Milan": 1566.91492204026, "Naples": 2307.382633124397, "Paris": 0.0, "Rotterdam": 796.580457240615, "Saarbr\u00fccken": 812.1375218906288, "Salzburg": 1572.4225756655194, "Warsaw": 2304.67920681901}, "Rotterdam": {"Bremen": 836.0587351789751, "Dresden": 821.1017868687098, "Madrid": 3541.9494172176906, "Marseille": 1560.4657165903832, "Milan": 1598.3583008048643, "Naples": 2334.7796939474415, "Paris": 797.8019470055959, "Rotterdam": 0.0, "Saarbr\u00fccken": 814.29329281111, "Salzburg": 1572.9286919301119, "Warsaw": 1522.327404716477}, "Saarbr\u00fccken": {"Bremen": 833.1823251447937, "Dresden": 814.2483668853124, "Madrid": 3524.136351154715, "Marseille": 1543.8969284403559, "Milan": 791.4050471267523, "Naples": 1542.3950470737934, "Paris": 788.465772528361, "Rotterdam": 794.2292167060109, "Saarbr\u00fccken": 0.0, "Salzburg": 769.608525033219, "Warsaw": 1516.659991110881}, "Salzburg": {"Bremen": 1622.2898483893193, "Dresden": 826.2289637163681, "Madrid": 3556.0977822967634, "Marseille": 1560.6571711602999, "Milan": 786.1334445986575, "Naples": 1543.5437704138026, "Paris": 1573.7570045260554, "Rotterdam": 1608.8341488379776, "Saarbr\u00fccken": 813.4946767262977, "Salzburg": 0.0, "Warsaw": 1517.9174006211588}, "Warsaw": {"Bremen": 1614.041519937886, "Dresden": 824.9310868682838, "Madrid": 5109.5130943185895, "Marseille": 3137.200869037779, "Milan": 2360.5942025491254, "Naples": 3100.239799985049, "Paris": 2361.7440191983083, "Rotterdam": 1603.2152089976528, "Saarbr\u00fccken": 1608.6711564758714, "Salzburg": 1575.8306543241001, "Warsaw": 0.0}}