{"Bremen": {"Bremen": 0.0, "Dresden": 918.8792682745617, "Madrid": 4738.631807590809, "Marseille": 2605.57842903441, "Milan": 1767.5523733671505, "Naples": 2606.2547161535317, "Paris": 1739.8483598439782, "Rotterdam": 872.9921834511664, "Saarbr\u00fccken": 965.1240997887974, "Salzburg": 1742.67974780756, "Warsaw": 1728.0455671207687}, "Dresden": {"Bremen": 940.4958692700278, "Dresden": 0.0, "Madrid": 4701.252897289326, "Marseille": 2610.293221095929, "Milan": 1741.744270794932, "Naples": 2567.5640290994425, "Paris": 1743.4390634556466, "Rotterdam": 883.5764440823526, "Saarbr\u00fccken": 927.7268757831556, "Salzburg": 863.0763890437507, "Warsaw": 836.5930449779171}, "Madrid": {"Bremen": 4846.24494708413, "Dresden": 4798.090723443389, "Madrid": 0.0, "Marseille": 2243.838156956316, "Milan": 3061.480811404083, "Naples": 3881.519913745187, "Paris": 3067.3577000050464, "Rotterdam": 3931.425157322395, "Saarbr\u00fccken": 3956.2839886767615, "Salzburg": 3920.4954825366194, "Warsaw": 5590.906937848785}, "Marseille": {"Bremen": 2635.8372816025053, "Dresden": 2636.3218854855013, "Madrid": 2234.3280990447793, "Marseille": 0.0, "Milan": 877.1380553208262, "Naples": 1710.2258333889843, "Paris": 876.0252923184959, "Rotterdam": 1743.5948539241735, "Saarbr\u00fccken": 1773.376485138264, "Salzburg": 1756.6812292985126, "Warsaw": 3428.5786454714976}, "Milan": {"Bremen": 1814.0762851542888, "Dresden": 1801.1396160259658, "Madrid": 2988.6155142588113, "Marseille": 874.6628980841982, "Milan": 0.0, "Naples": 808.3677938715316, "Paris": 1727.731983269552, "Rotterdam": 1788.2875374950163, "Saarbr\u00fccken": 925.6546191103124, "Salzburg": 878.8095638456405, "Warsaw": 2583.1475933097227}, "Naples": {"Bremen": 2656.7055260673174, "Dresden": 2621.1420231016723, "Madrid": 3808.9156711595156, "Marseille": 1722.1948157120646, "Milan": 882.5732544538532, "Naples": 0.0, "Paris": 2583.029057835008, "Rotterdam": 2646.018031430926, "Saarbr\u00fccken": 1764.551223223057, "Salzburg": 1742.7978500086433, "Warsaw": 3425.1237094468315}, "Paris": {"Bremen": 1763.5530612483622, "Dresden": 1764.1143712920407, "Madrid": 3062.245319825484, "Marseille": 905.6842895436032, "Milan": 1751.933596948018, "Naples": 2569.666725010739, "Paris": 0.0, "Rotterdam": 880.0842605022297, "Saarbr\u00fccken": 920.3058864439438, "Salzburg": 1763.5059333082256, "Warsaw": 2573.6712064430185}, "Rotterdam": {"Bremen": 910.3365704599655, "Dresden": 884.4740945199812, "Madrid": 3886.6221502646695, "Marseille": 1745.4900961037463, "Milan": 1783.9077284563477, "Naples": 2599.968071119722, "Paris": 872.0384757845803, "Rotterdam": 0.0, "Saarbr\u00fccken": 940.0075471538972, "Salzburg": 1742.874166380252, "Warsaw": 1712.9925175337962}, "Saarbr\u00fccken": {"Bremen": 913.2137543094291, "Dresden": 919.691269514463, "Madrid": 3841.2593255948864, "Marseille": 1734.4189679776778, "Milan": 869.0662474356657, "Naples": 1708.8656934626972, "Paris": 874.8771755602629, "Rotterdam": 875.6390761000051, "Saarbr\u00fccken": 0.0, "Salzburg": 878.3487750808748, "Warsaw": 1714.1837779163461}, "Salzburg": {"Bremen": 1776.5614754691169, "Dresden": 932.7428892194644, "Madrid": 3825.4960227268652, "Marseille": 1734.3029661582173, "Milan": 872.4174254726443, "Naples": 1708.632952177078, "Paris": 1743.9323582756506, "Rotterdam": 1770.4040482910145, "Saarbr\u00fccken": 965.4084541955216, "Salzburg": 0.0, "Warsaw": 1728.1556452451523}, "Warsaw": {"Bremen": 1793.1596500622215, "Dresden": 904.1869297377065, "Madrid": 5570.848163382497, "Marseille": 3473.266506464608, "Milan": 2632.078924866056, "Naples": 3449.891088196787, "Paris": 2634.2641428313536, "Rotterdam": 1763.311829512977, "Saarbr\u00fccken": 1787.4793456721175, "Salzburg": 1757.4452508953468, "Warsaw": 0.0}}