{"Bremen": {"Bremen": 0.0, "Dresden": 987.8921322281117, "Madrid": 5075.2196014465035, "Marseille": 2888.6245739572328, "Milan": 1977.6040072993312, "Naples": 2904.643075697595, "Paris": 1940.1573265268955, "Rotterdam": 974.3177146834144, "Saarbr\u00fccken": 1003.6328818438716, "Salzburg": 1951.2566732963865, "Warsaw": 1893.1135012620555}, "Dresden": {"Bremen": 979.8994881644129, "Dresden": 0.0, "Madrid": 5060.16257959434, "Marseille": 2878.152978075052, "Milan": 1932.9306498502401, "Naples": 2850.534451210351, "Paris": 1937.2343559058359, "Rotterdam": 973.633731156388, "Saarbr\u00fccken": 1007.6909442346163, "Salzburg": 976.7492714276319, "Warsaw": 909.953826372077}, "Madrid": {"Bremen": 5146.26038213523, "Dresden": 5156.942265814672, "Madrid": 0.0, "Marseille": 2205.571354809398, "Milan": 3223.566107309331, "Naples": 4148.250069672088, "Paris": 3173.6854455562593, "Rotterdam": 4153.292532453831, "Saarbr\u00fccken": 4242.105210325931, "Salzburg": 4160.28084479235, "Warsaw": 6086.163072968779}, "Marseille": {"Bremen": 2918.215022225255, "Dresden": 2903.719125085883, "Madrid": 2181.825937092736, "Marseille": 0.0, "Milan": 972.9614532942163, "Naples": 1893.1494436626047, "Paris": 995.4777499112474, "Rotterdam": 1941.9971931519838, "Saarbr\u00fccken": 1986.7788377340241, "Salzburg": 1917.3686047126089, "Warsaw": 3823.6211005743694}, "Milan": {"Bremen": 1967.4508090987497, "Dresden": 1950.86586657239, "Madrid": 3132.6481723359793, "Marseille": 943.6692235553633, "Milan": 0.0, "Naples": 975.2495365063132, "Paris": 1918.6503735301214, "Rotterdam": 1978.881736118545, "Saarbr\u00fccken": 1006.7715553935583, "Salzburg": 969.6518594155566, "Warsaw": 2858.22972778693}, "Naples": {"Bremen": 2946.029765457394, "Dresden": 2905.5780151072127, "Madrid": 4104.266427575573, "Marseille": 1926.2764420402948, "Milan": 974.8748950019717, "Naples": 0.0, "Paris": 2909.655733178048, "Rotterdam": 2955.575149593258, "Saarbr\u00fccken": 1967.5483156147727, "Salzburg": 1913.7814057370624, "Warsaw": 3829.856149187232}, "Paris": {"Bremen": 1949.4736040288426, "Dresden": 1961.8456839698658, "Madrid": 3111.293372897448, "Marseille": 947.3814625430174, "Milan": 1925.8403065497741, "Naples": 2858.2472074705984, "Paris": 0.0, "Rotterdam": 975.7902423529719, "Saarbr\u00fccken": 1006.338834351366, "Salzburg": 1947.8222279740814, "Warsaw": 2889.956093504277}, "Rotterdam": {"Bremen": 996.3454479562275, "Dresden": 999.1712616296229, "Madrid": 4103.594051860624, "Marseille": 1926.663516450196, "Milan": 1963.8995745902616, "Naples": 2906.085176259986, "Paris": 999.7028846535145, "Rotterdam": 0.0, "Saarbr\u00fccken": 992.5467751377558, "Salzburg": 1959.5088254317832, "Warsaw": 1910.0060130359545}, "Saarbr\u00fccken": {"Bremen": 988.9231389175528, "Dresden": 1009.1077552969437, "Madrid": 4068.5598799583513, "Marseille": 1900.6013118051774, "Milan": 983.0680970844347, "Naples": 1915.7491435522538, "Paris": 966.9014796952, "Rotterdam": 970.3975959284064, "Saarbr\u00fccken": 0.0, "Salzburg": 974.1485568674956, "Warsaw": 1916.7564212146758}, "Salzburg": {"Bremen": 1960.5091408780215, "Dresden": 977.7563907290887, "Madrid": 4109.411159723252, "Marseille": 1919.8197614875285, "Milan": 975.806036220861, "Naples": 1907.8184713776789, "Paris": 1954.577098457864, "Rotterdam": 1966.1835681608889, "Saarbr\u00fccken": 1008.2606537442936, "Salzburg": 0.0, "Warsaw": 1892.1145252819977}, "Warsaw": {"Bremen": 1972.2574370859645, "Dresden": 979.4565038221085, "Madrid": 6038.557969022619, "Marseille": 3855.3220910829305, "Milan": 2925.923207381466, "Naples": 3857.5775863631866, "Paris": 2934.5830835229945, "Rotterdam": 1973.4922336472132, "Saarbr\u00fccken": 1968.628728800404, "Salzburg": 1959.5355818661455, "Warsaw": 0.0}}