{"Bremen": {"Bremen": 0.0, "Dresden": 1008.0209265705232, "Madrid": 5033.729130076087, "Marseille": 2846.3536019086896, "Milan": 1955.0990407562806, "Naples": 2865.515005353911, "Paris": 1921.4207703115942, "Rotterdam": 1003.5146921834134, "Saarbr\u00fccken": 992.6424840575386, "Salzburg": 1930.7088731873032, "Warsaw": 1890.0225175785195}, "Dresden": {"Bremen": 970.2764212763062, "Dresden": 0.0, "Madrid": 5063.2952815997, "Marseille": 2875.6260914380173, "Milan": 1932.2348376958134, "Naples": 2835.4643387103556, "Paris": 1924.986378500625, "Rotterdam": 982.455241697158, "Saarbr\u00fccken": 1007.903283951197, "Salzburg": 972.038389319055, "Warsaw": 936.3728580834505}, "Madrid": {"Bremen": 5152.709015122207, "Dresden": 5108.923418608181, "Madrid": 0.0, "Marseille": 2265.4663605423807, "Milan": 3235.9031559324785, "Naples": 4152.5646817138795, "Paris": 3203.0050214115827, "Rotterdam": 4216.658946916683, "Saarbr\u00fccken": 4160.297367298748, "Salzburg": 4150.8667094118155, "Warsaw": 5994.565587620237}, "Marseille": {"Bremen": 2897.276979320323, "Dresden": 2896.344105222662, "Madrid": 2187.7570819503403, "Marseille": 0.0, "Milan": 983.6221884347743, "Naples": 1891.4786786174386, "Paris": 945.810016570846, "Rotterdam": 1927.5475534593697, "Saarbr\u00fccken": 1927.0462817019013, "Salzburg": 1925.495445092867, "Warsaw": 3784.9119600761305}, "Milan": {"Bremen": 1958.7734028140396, "Dresden": 1945.8875767448967, "Madrid": 3115.00114902544, "Marseille": 945.1107745928194, "Milan": 0.0, "Naples": 934.0397408368765, "Paris": 1916.7820756303518, "Rotterdam": 1950.3579990041712, "Saarbr\u00fccken": 978.7596248983288, "Salzburg": 970.4683063792139, "Warsaw": 2854.5287683210636}, "Naples": {"Bremen": 2911.986117289706, "Dresden": 2887.0992707954224, "Madrid": 4109.691995109223, "Marseille": 1918.1238043732303, "Milan": 988.8763702459152, "Naples": 0.0, "Paris": 2884.6563033769476, "Rotterdam": 2931.5036042737784, "Saarbr\u00fccken": 1951.9143128800158, "Salzburg": 1911.5034360099962, "Warsaw": 3781.788758560842}, "Paris": {"Bremen": 1950.5888972360592, "Dresden": 1949.6549094147078, "Madrid": 3131.2623808351527, "Marseille": 947.5040719443676, "Milan": 1913.462980592054, "Naples": 2834.1351116401024, "Paris": 0.0, "Rotterdam": 1000.0540156945182, "Saarbr\u00fccken": 983.111363039208, "Salzburg": 1928.200374725141, "Warsaw": 2846.2370838329007}, "Rotterdam": {"Bremen": 958.9665477313587, "Dresden": 991.5573336556611, "Madrid": 4090.9351593867977, "Marseille": 1901.4609676076752, "Milan": 1938.1238108427024, "Naples": 2860.4144798224434, "Paris": 948.9037197925604, "Rotterdam": 0.0, "Saarbr\u00fccken": 987.7058093311897, "Salzburg": 1926.8957771541588, "Warsaw": 1880.410521275632}, "Saarbr\u00fccken": {"Bremen": 970.4914941142455, "Dresden": 987.9910240529775, "Madrid": 4068.6689654231136, "Marseille": 1874.862218035826, "Milan": 983.0925529896397, "Naples": 1886.499822096733, "Paris": 946.5130664459805, "Rotterdam": 997.8023988223833, "Saarbr\u00fccken": 0.0, "Salzburg": 982.9082343440789, "Warsaw": 1898.9853951227813}, "Salzburg": {"Bremen": 1925.3217332498243, "Dresden": 1004.020710743406, "Madrid": 4084.272208626375, "Marseille": 1912.5368585210335, "Milan": 985.0540967554028, "Naples": 1895.6385482526102, "Paris": 1941.025672641502, "Rotterdam": 1953.7044878222007, "Saarbr\u00fccken": 978.3448697380367, "Salzburg": 0.0, "Warsaw": 1894.992589321837}, "Warsaw": {"Bremen": 1962.616359131116, "Dresden": 1000.1288709295654, "Madrid": 6009.821265928533, "Marseille": 3830.6142960362376, "Milan": 2892.2076645678976, "Naples": 3809.56594039575, "Paris": 2898.8801461122384, "Rotterdam": 1967.9360897970419, "Saarbr\u00fccken": 1976.5149989710765, "Salzburg": 1944.0123440933446, "Warsaw": 0.0}}