{"Bremen": {"Bremen": 0.0, "Dresden": 897.0618599250148, "Madrid": 4644.719357359652, "Marseille": 2569.1250325888336, "Milan": 1752.7642507435703, "Naples": 2582.062534391379, "Paris": 1726.0992657892943, "Rotterdam": 883.7246350494543, "Saarbr\u00fccken": 909.505670850624, "Salzburg": 1722.431526270335, "Warsaw": 1685.8744911160056}, "Dresden": {"Bremen": 885.0036763414628, "Dresden": 0.0, "Madrid": 4687.73851080548, "Marseille": 2579.8075763298493, "Milan": 1744.4508460918798, "Naples": 2550.905390171295, "Paris": 1738.4207653048018, "Rotterdam": 882.9815379053373, "Saarbr\u00fccken": 897.8157921703856, "Salzburg": 867.7840713741747, "Warsaw": 820.0474213834788}, "Madrid": {"Bremen": 4753.5999774224865, "Dresden": 4732.194219852347, "Madrid": 0.0, "Marseille": 2126.3369332304756, "Milan": 3018.2954739534152, "Naples": 3863.0169489649916, "Paris": 2982.1897587109484, "Rotterdam": 3865.054789607611, "Saarbr\u00fccken": 3924.8765855771435, "Salzburg": 3861.3837913656516, "Warsaw": 5525.965094803121}, "Marseille": {"Bremen": 2605.870304203052, "Dresden": 2581.696843381741, "Madrid": 2131.0665311256776, "Marseille": 0.0, "Milan": 882.5980825850288, "Naples": 1688.9768990423731, "Paris": 834.7204134480108, "Rotterdam": 1733.3126541408492, "Saarbr\u00fccken": 1761.987561057095, "Salzburg": 1712.1086745405316, "Warsaw": 3373.5139972616657}, "Milan": {"Bremen": 1755.1649949989585, "Dresden": 1739.6709100642736, "Madrid": 2952.2853066364364, "Marseille": 844.8928370202412, "Milan": 0.0, "Naples": 840.795118451601, "Paris": 1711.9383154059853, "Rotterdam": 1767.524929119655, "Saarbr\u00fccken": 904.3250381431945, "Salzburg": 858.4842869789121, "Warsaw": 2548.6674339104397}, "Naples": {"Bremen": 2597.36660182479, "Dresden": 2611.745035010024, "Madrid": 3791.3594271856155, "Marseille": 1706.7972460830829, "Milan": 880.0260674003566, "Naples": 0.0, "Paris": 2573.665429742947, "Rotterdam": 2633.408546359423, "Saarbr\u00fccken": 1757.7048350744878, "Salzburg": 1708.5580272243903, "Warsaw": 3412.3740775760407}, "Paris": {"Bremen": 1748.7211029350453, "Dresden": 1746.1053511669859, "Madrid": 2951.758582581635, "Marseille": 822.7234834112069, "Milan": 1712.1714850836142, "Naples": 2529.1254907261923, "Paris": 0.0, "Rotterdam": 884.2561878094031, "Saarbr\u00fccken": 898.435783575396, "Salzburg": 1725.4248807443373, "Warsaw": 2535.747790283567}, "Rotterdam": {"Bremen": 890.7847725494134, "Dresden": 876.0466718922748, "Madrid": 3799.293938213311, "Marseille": 1687.0437428580096, "Milan": 1742.7021215579562, "Naples": 2553.7594008702868, "Paris": 849.016222243361, "Rotterdam": 0.0, "Saarbr\u00fccken": 896.433568043171, "Salzburg": 1747.6780221303932, "Warsaw": 1668.014946839606}, "Saarbr\u00fccken": {"Bremen": 896.0577799766922, "Dresden": 889.6436408931334, "Madrid": 3775.8540017537584, "Marseille": 1690.427940508722, "Milan": 880.6284513379416, "Naples": 1706.3301987880484, "Paris": 850.6159883178548, "Rotterdam": 884.5519267691448, "Saarbr\u00fccken": 0.0, "Salzburg": 869.0933803760031, "Warsaw": 1680.5595868144017}, "Salzburg": {"Bremen": 1751.9041765053555, "Dresden": 893.9390916542527, "Madrid": 3811.0244115102014, "Marseille": 1710.4430907379274, "Milan": 881.6053857014011, "Naples": 1703.3900693361463, "Paris": 1739.063397821838, "Rotterdam": 1777.945325486854, "Saarbr\u00fccken": 912.1429697085354, "Salzburg": 0.0, "Warsaw": 1683.9769458540993}, "Warsaw": {"Bremen": 1758.0543674052205, "Dresden": 873.4130209266209, "Madrid": 5536.40906002783, "Marseille": 3436.826176126993, "Milan": 2595.6375661356674, "Naples": 3415.0305662561395, "Paris": 2599.7043407879573, "Rotterdam": 1756.96954996147, "Saarbr\u00fccken": 1763.8987865520457, "Salzburg": 1725.655656129626, "Warsaw": 0.0}}