{"Bremen": {"Bremen": 0.0, "Dresden": 297.43718804853086, "Madrid": 1225.0568200496816, "Marseille": 738.6523199604511, "Milan": 545.9222462076423, "Naples": 778.9813179291256, "Paris": 475.55269507511036, "Rotterdam": 312.43394375652434, "Saarbr\u00fccken": 302.60391500913164, "Salzburg": 497.3714276861414, "Warsaw": 503.8940317695261}, "Dresden": {"Bremen": 306.6053141642625, "Dresden": 0.0, "Madrid": 1263.4681543352758, "Marseille": 748.4449655534607, "Milan": 497.58423263731595, "Naples": 711.9143970904944, "Paris": 422.2699581730519, "Rotterdam": 281.65031861289407, "Saarbr\u00fccken": 262.17584782122856, "Salzburg": 273.9413074353568, "Warsaw": 221.8731737788383}, "Madrid": {"Bremen": 1422.9427256444037, "Dresden": 1410.1356256676593, "Madrid": 0.0, "Marseille": 586.1570782583594, "Milan": 855.6749479243206, "Naples": 1106.0711653620315, "Paris": 859.5043054034771, "Rotterdam": 1144.3976895075564, "Saarbr\u00fccken": 1169.2022470827324, "Salzburg": 1121.2365453336577, "Warsaw": 1587.1301410261137}, "Marseille": {"Bremen": 775.9155915174404, "Dresden": 790.5443352774156, "Madrid": 584.5974821830149, "Marseille": 0.0, "Milan": 282.62486655711797, "Naples": 394.2767325385089, "Paris": 307.7969434659277, "Rotterdam": 552.7623619420568, "Saarbr\u00fccken": 577.3800455038337, "Salzburg": 523.3770688860537, "Warsaw": 951.4578791867077}, "Milan": {"Bremen": 551.7744193834789, "Dresden": 528.160826168748, "Madrid": 733.810318170388, "Marseille": 267.9978089915801, "Milan": 0.0, "Naples": 275.6833213002836, "Paris": 490.88033535214834, "Rotterdam": 521.0367960668636, "Saarbr\u00fccken": 292.41828047645714, "Salzburg": 280.8578455006941, "Warsaw": 724.7527265044265}, "Naples": {"Bremen": 711.3837361811795, "Dresden": 774.561551847286, "Madrid": 850.0327229777905, "Marseille": 479.761885336099, "Milan": 292.47474157576517, "Naples": 0.0, "Paris": 748.6176903568584, "Rotterdam": 706.6750500476933, "Saarbr\u00fccken": 516.7767631985374, "Salzburg": 503.27829880574933, "Warsaw": 818.666649218437}, "Paris": {"Bremen": 508.39894965736704, "Dresden": 499.76950526570795, "Madrid": 824.6674054337541, "Marseille": 269.3684868593998, "Milan": 496.2398061604697, "Naples": 804.066104867277, "Paris": 0.0, "Rotterdam": 294.8039808436894, "Saarbr\u00fccken": 298.1426154180461, "Salzburg": 409.98698198608935, "Warsaw": 659.5430199857896}, "Rotterdam": {"Bremen": 303.8415351946605, "Dresden": 265.7050017888521, "Madrid": 1059.3944250138427, "Marseille": 530.6454777242606, "Milan": 527.5552563978358, "Naples": 768.4725024437661, "Paris": 283.37795272990627, "Rotterdam": 0.0, "Saarbr\u00fccken": 288.5032391072273, "Salzburg": 533.2108390939891, "Warsaw": 472.9171799473086}, "Saarbr\u00fccken": {"Bremen": 312.7889997647941, "Dresden": 292.08695425293024, "Madrid": 991.6014860679819, "Marseille": 489.61655537663455, "Milan": 281.65394949653137, "Naples": 452.6398532566348, "Paris": 281.654228872353, "Rotterdam": 292.56880977369644, "Saarbr\u00fccken": 0.0, "Salzburg": 288.1660516601442, "Warsaw": 478.33097983291077}, "Salzburg": {"Bremen": 535.3219365012518, "Dresden": 305.5555704796859, "Madrid": 983.4448467940172, "Marseille": 504.5216365736153, "Milan": 268.57211681708407, "Naples": 384.9789027320655, "Paris": 437.9597011221415, "Rotterdam": 518.9822400868051, "Saarbr\u00fccken": 309.37938713257523, "Salzburg": 0.0, "Warsaw": 461.4606175429218}, "Warsaw": {"Bremen": 571.5884943423638, "Dresden": 287.43366813662016, "Madrid": 1425.6460370685922, "Marseille": 1006.6184968522483, "Milan": 756.6355256104885, "Naples": 1100.703524891267, "Paris": 779.6159380121071, "Rotterdam": 541.3536609134273, "Saarbr\u00fccken": 587.7078888570855, "Salzburg": 508.6030706985806, "Warsaw": 0.0}}