{"Bremen": {"Bremen": 0.0, "Dresden": 869.0875120192187, "Madrid": 4585.671529736597, "Marseille": 2519.5101903326217, "Milan": 1725.711933928888, "Naples": 2514.0433140620917, "Paris": 1696.3693101621386, "Rotterdam": 869.4853955373347, "Saarbr\u00fccken": 884.3858311004902, "Salzburg": 1683.0501572808414, "Warsaw": 1633.095864170115}, "Dresden": {"Bremen": 854.6282383521772, "Dresden": 0.0, "Madrid": 4533.075660458951, "Marseille": 2485.3510163671267, "Milan": 1671.8352684484714, "Naples": 2480.6810863879286, "Paris": 1679.767149032145, "Rotterdam": 852.3944737140246, "Saarbr\u00fccken": 882.9772149023808, "Salzburg": 839.29382839651, "Warsaw": 788.6754715066184}, "Madrid": {"Bremen": 4680.70490326601, "Dresden": 4648.731177988677, "Madrid": 0.0, "Marseille": 2161.90069651088, "Milan": 2967.1650970194896, "Naples": 3784.1370338147144, "Paris": 2994.387639025667, "Rotterdam": 3839.791712455815, "Saarbr\u00fccken": 3841.7387811298854, "Salzburg": 3795.073700039223, "Warsaw": 5406.655452042001}, "Marseille": {"Bremen": 2523.2280258134756, "Dresden": 2529.784794519451, "Madrid": 2034.4156006419244, "Marseille": 0.0, "Milan": 841.0962351905837, "Naples": 1634.385980042996, "Paris": 869.6265028008769, "Rotterdam": 1707.3815986227278, "Saarbr\u00fccken": 1704.429726556632, "Salzburg": 1665.7663872278065, "Warsaw": 3277.9692660706623}, "Milan": {"Bremen": 1725.494244580446, "Dresden": 1691.8164279247576, "Madrid": 2872.0319639452246, "Marseille": 823.5199358920389, "Milan": 0.0, "Naples": 845.9687544851674, "Paris": 1663.043991054014, "Rotterdam": 1722.7918379554671, "Saarbr\u00fccken": 882.075514747809, "Salzburg": 837.3020180314362, "Warsaw": 2449.7401865287093}, "Naples": {"Bremen": 2551.3736997538053, "Dresden": 2541.4795303240244, "Madrid": 3732.3683793736177, "Marseille": 1660.0875743603056, "Milan": 841.6065594036543, "Naples": 0.0, "Paris": 2504.1620955800413, "Rotterdam": 2557.727805454673, "Saarbr\u00fccken": 1705.693173402315, "Salzburg": 1667.6863803132455, "Warsaw": 3317.021976191357}, "Paris": {"Bremen": 1693.587700725442, "Dresden": 1706.3940188829874, "Madrid": 2867.4909577520434, "Marseille": 831.6505304826558, "Milan": 1664.5103441763836, "Naples": 2468.9617399228655, "Paris": 0.0, "Rotterdam": 866.2789613820535, "Saarbr\u00fccken": 886.1125347652126, "Salzburg": 1699.2403633962633, "Warsaw": 2467.0490171267475}, "Rotterdam": {"Bremen": 842.0886488566, "Dresden": 854.089172545196, "Madrid": 3723.200989030765, "Marseille": 1684.6260607981567, "Milan": 1717.597793633266, "Naples": 2504.888243596745, "Paris": 871.2674591356428, "Rotterdam": 0.0, "Saarbr\u00fccken": 899.198563294487, "Salzburg": 1681.9765611942614, "Warsaw": 1624.1226919670385}, "Saarbr\u00fccken": {"Bremen": 839.7580087218483, "Dresden": 853.6415501677216, "Madrid": 3746.635250053275, "Marseille": 1672.898030762063, "Milan": 851.8966919042929, "Naples": 1643.82384265538, "Paris": 853.0485138928453, "Rotterdam": 859.8221751053434, "Saarbr\u00fccken": 0.0, "Salzburg": 836.5363552570211, "Warsaw": 1628.0377353011183}, "Salzburg": {"Bremen": 1694.832309359178, "Dresden": 868.4133302993523, "Madrid": 3711.108514295016, "Marseille": 1663.2973074777046, "Milan": 844.6774377611107, "Naples": 1653.6919626082522, "Paris": 1693.4315093295686, "Rotterdam": 1708.7466141495208, "Saarbr\u00fccken": 899.8321742547635, "Salzburg": 0.0, "Warsaw": 1620.860137857243}, "Warsaw": {"Bremen": 1698.5656290539048, "Dresden": 866.5612292863171, "Madrid": 5391.850538806558, "Marseille": 3333.4048990066835, "Milan": 2508.0859893298402, "Naples": 3350.000564117798, "Paris": 2546.4014338395473, "Rotterdam": 1693.9515834609974, "Saarbr\u00fccken": 1754.576457095431, "Salzburg": 1681.1056114344146, "Warsaw": 0.0}}