{"Bremen": {"Bremen": 0.0, "Dresden": 450.45145524603475, "Madrid": 2120.955735600089, "Marseille": 1258.9815914507735, "Milan": 905.9422493316334, "Naples": 1246.4186734211778, "Paris": 854.8849594574277, "Rotterdam": 476.48132925721114, "Saarbr\u00fccken": 504.0571256418292, "Salzburg": 878.0740895579497, "Warsaw": 808.7056653241311}, "Dresden": {"Bremen": 483.7760003336655, "Dresden": 0.0, "Madrid": 2077.8484707478283, "Marseille": 1224.8242072194448, "Milan": 849.7235960217174, "Naples": 1193.4051029877628, "Paris": 856.0036745020418, "Rotterdam": 481.90826723747494, "Saarbr\u00fccken": 486.4962089518165, "Salzburg": 399.4301867623732, "Warsaw": 338.061208011286}, "Madrid": {"Bremen": 2253.5542401200637, "Dresden": 2250.2262024228407, "Madrid": 0.0, "Marseille": 976.5484675909912, "Milan": 1395.0137154184042, "Naples": 1719.9986799242497, "Paris": 1389.6438718018392, "Rotterdam": 1817.6693454221834, "Saarbr\u00fccken": 1889.0227999901476, "Salzburg": 1778.0670927859285, "Warsaw": 2564.2609244279756}, "Marseille": {"Bremen": 1321.3544849417938, "Dresden": 1311.9344437758523, "Madrid": 862.6007869538988, "Marseille": 0.0, "Milan": 468.2736700238237, "Naples": 781.0532414667252, "Paris": 433.9936958488983, "Rotterdam": 861.8974045096071, "Saarbr\u00fccken": 943.1338429389513, "Salzburg": 843.4469922516612, "Warsaw": 1631.0304103951048}, "Milan": {"Bremen": 912.1709896950952, "Dresden": 891.3258292154443, "Madrid": 1281.954439683192, "Marseille": 403.08747140614537, "Milan": 0.0, "Naples": 369.5833986362296, "Paris": 838.1452737200059, "Rotterdam": 918.0636303235283, "Saarbr\u00fccken": 517.7852691330223, "Salzburg": 404.9398158668847, "Warsaw": 1186.1793873060597}, "Naples": {"Bremen": 1328.9899675174347, "Dresden": 1309.0074214375472, "Madrid": 1695.273158551134, "Marseille": 832.9595098609992, "Milan": 460.1938345923907, "Naples": 0.0, "Paris": 1334.0398472134343, "Rotterdam": 1354.4815946548913, "Saarbr\u00fccken": 885.1184781097986, "Salzburg": 849.8355881427408, "Warsaw": 1695.2989672120991}, "Paris": {"Bremen": 905.3512641535417, "Dresden": 903.5030771844998, "Madrid": 1283.7894260040923, "Marseille": 458.9237674087365, "Milan": 842.1700007270888, "Naples": 1245.9951875002878, "Paris": 0.0, "Rotterdam": 448.3340865456407, "Saarbr\u00fccken": 498.8776678670255, "Salzburg": 879.2735830174563, "Warsaw": 1210.8222029944377}, "Rotterdam": {"Bremen": 480.7388616057237, "Dresden": 455.69251446091516, "Madrid": 1689.525281731646, "Marseille": 835.7212994728034, "Milan": 906.8893813640692, "Naples": 1285.3138024624343, "Paris": 457.9881957497529, "Rotterdam": 0.0, "Saarbr\u00fccken": 513.9972960293105, "Salzburg": 884.4749079124017, "Warsaw": 768.1152108348107}, "Saarbr\u00fccken": {"Bremen": 427.1696237449169, "Dresden": 477.80745509794275, "Madrid": 1672.739056988132, "Marseille": 812.3452691823011, "Milan": 450.96047472693215, "Naples": 789.4525722721963, "Paris": 415.8820158562245, "Rotterdam": 490.30000525333713, "Saarbr\u00fccken": 0.0, "Salzburg": 445.0005210324732, "Warsaw": 798.7584418819033}, "Salzburg": {"Bremen": 912.458414050789, "Dresden": 474.9731737497887, "Madrid": 1679.8820178109963, "Marseille": 824.7231744976428, "Milan": 454.173041685559, "Naples": 800.7363439335976, "Paris": 889.4444213588782, "Rotterdam": 914.9973534817304, "Saarbr\u00fccken": 522.665279899124, "Salzburg": 0.0, "Warsaw": 787.8827081537019}, "Warsaw": {"Bremen": 918.4634267890362, "Dresden": 485.218837319616, "Madrid": 2555.450283642898, "Marseille": 1691.6601924990923, "Milan": 1301.6512358765128, "Naples": 1703.5190207127646, "Paris": 1327.6986613899307, "Rotterdam": 909.6015030099006, "Saarbr\u00fccken": 944.0641490564459, "Salzburg": 866.0687679554892, "Warsaw": 0.0}}