{"Bremen": {"Bremen": 0.0, "Dresden": 889.5129769418755, "Madrid": 4713.1685004722085, "Marseille": 2593.1731157967856, "Milan": 1760.9441372621955, "Naples": 2570.702367374217, "Paris": 1733.3477675091053, "Rotterdam": 873.434863994041, "Saarbr\u00fccken": 905.2345740971022, "Salzburg": 1720.5584604099865, "Warsaw": 1678.988071429224}, "Dresden": {"Bremen": 860.5341567981598, "Dresden": 0.0, "Madrid": 4627.080776950402, "Marseille": 2536.1403019828454, "Milan": 1712.0923237549075, "Naples": 2538.87562190076, "Paris": 1732.0082809552707, "Rotterdam": 912.9688875327328, "Saarbr\u00fccken": 911.16066549009, "Salzburg": 865.6168178639726, "Warsaw": 831.9934960118986}, "Madrid": {"Bremen": 4749.654235811419, "Dresden": 4751.425064903232, "Madrid": 0.0, "Marseille": 2230.5356647489484, "Milan": 3039.7366440847477, "Naples": 3838.7984503912853, "Paris": 3043.633487396084, "Rotterdam": 3907.770721700222, "Saarbr\u00fccken": 3952.5300176134297, "Salzburg": 3876.7645902317036, "Warsaw": 5553.27388878141}, "Marseille": {"Bremen": 2596.322724470271, "Dresden": 2570.8617520750545, "Madrid": 2163.503042280409, "Marseille": 0.0, "Milan": 835.5044518091964, "Naples": 1688.4880185588522, "Paris": 818.2689445367906, "Rotterdam": 1703.668107085224, "Saarbr\u00fccken": 1758.874422210167, "Salzburg": 1684.5139635235892, "Warsaw": 3366.5757255601407}, "Milan": {"Bremen": 1745.1108429804979, "Dresden": 1710.3655834555398, "Madrid": 3011.878272811231, "Marseille": 874.5343173613685, "Milan": 0.0, "Naples": 831.5088947167168, "Paris": 1722.1204585776982, "Rotterdam": 1787.0024030216305, "Saarbr\u00fccken": 886.084919379986, "Salzburg": 830.5686110844283, "Warsaw": 2508.4278263130914}, "Naples": {"Bremen": 2608.306081802237, "Dresden": 2575.3277547788016, "Madrid": 3809.0827993258586, "Marseille": 1707.1735500196119, "Milan": 873.9667533614877, "Naples": 0.0, "Paris": 2578.679686236941, "Rotterdam": 2614.8753004823566, "Saarbr\u00fccken": 1736.6247574213266, "Salzburg": 1685.3685670619425, "Warsaw": 3387.0457439111565}, "Paris": {"Bremen": 1742.6004149784083, "Dresden": 1758.49396022946, "Madrid": 3028.5173128222827, "Marseille": 885.2728723354219, "Milan": 1727.3083255104882, "Naples": 2552.4010626424474, "Paris": 0.0, "Rotterdam": 903.1086088687847, "Saarbr\u00fccken": 887.3315755934764, "Salzburg": 1731.8793048165178, "Warsaw": 2539.1333124576804}, "Rotterdam": {"Bremen": 858.7178581342002, "Dresden": 869.0293690123812, "Madrid": 3847.1208054766857, "Marseille": 1716.15370183268, "Milan": 1743.8902024976674, "Naples": 2575.10192320089, "Paris": 821.3677892312173, "Rotterdam": 0.0, "Saarbr\u00fccken": 894.989244228339, "Salzburg": 1715.177842931139, "Warsaw": 1657.4298877550718}, "Saarbr\u00fccken": {"Bremen": 865.0357812331921, "Dresden": 912.3048049521747, "Madrid": 3815.4933865558787, "Marseille": 1696.2956475885412, "Milan": 839.7315466951322, "Naples": 1680.6818268520913, "Paris": 851.2921499678539, "Rotterdam": 889.0911541562913, "Saarbr\u00fccken": 0.0, "Salzburg": 878.8289118187669, "Warsaw": 1681.7239245852888}, "Salzburg": {"Bremen": 1751.345036497764, "Dresden": 913.7379868392109, "Madrid": 3810.4080122785194, "Marseille": 1696.7716180189284, "Milan": 861.9369126096275, "Naples": 1688.2054302047713, "Paris": 1740.735056065122, "Rotterdam": 1773.9875320013596, "Saarbr\u00fccken": 902.0581723581787, "Salzburg": 0.0, "Warsaw": 1687.1900870559325}, "Warsaw": {"Bremen": 1732.2545192494385, "Dresden": 883.7596296939039, "Madrid": 5507.267265155884, "Marseille": 3424.5269151666444, "Milan": 2567.780699622093, "Naples": 3403.2140649663156, "Paris": 2595.198843082368, "Rotterdam": 1758.8885890617687, "Saarbr\u00fccken": 1781.002566034596, "Salzburg": 1721.0892856755286, "Warsaw": 0.0}}