{"Bremen": {"Bremen": 0.0, "Dresden": 1012.0710501382856, "Madrid": 5108.527800740548, "Marseille": 2929.015131842946, "Milan": 1987.434539765057, "Naples": 2961.7885470003243, "Paris": 1973.3629125310845, "Rotterdam": 1020.958129981064, "Saarbr\u00fccken": 1037.3729250145282, "Salzburg": 1992.7153121847307, "Warsaw": 1918.83091612685}, "Dresden": {"Bremen": 1015.1456901537792, "Dresden": 0.0, "Madrid": 5115.562700205251, "Marseille": 2922.823604484205, "Milan": 1968.0171046367097, "Naples": 2929.3251649223575, "Paris": 1970.4129371268732, "Rotterdam": 1014.951032906698, "Saarbr\u00fccken": 1025.38759636615, "Salzburg": 1002.1551763862311, "Warsaw": 901.9252506270105}, "Madrid": {"Bremen": 5226.052582882792, "Dresden": 5239.31094312994, "Madrid": 0.0, "Marseille": 2272.8869858288444, "Milan": 3251.1237887469365, "Naples": 4237.1695745785955, "Paris": 3253.97320628575, "Rotterdam": 4244.979376896975, "Saarbr\u00fccken": 4285.418521112057, "Salzburg": 4234.436217935374, "Warsaw": 6173.6346909607555}, "Marseille": {"Bremen": 2966.8613363016393, "Dresden": 2968.4835061555955, "Madrid": 2189.802160795304, "Marseille": 0.0, "Milan": 979.7593426729411, "Naples": 1956.361589782042, "Paris": 978.205118431958, "Rotterdam": 1981.278518351804, "Saarbr\u00fccken": 2015.772424521561, "Salzburg": 1957.0306344940946, "Warsaw": 3897.388221483361}, "Milan": {"Bremen": 2002.7661384796725, "Dresden": 1992.4134742504743, "Madrid": 3158.798640123257, "Marseille": 968.6607736928908, "Milan": 0.0, "Naples": 980.5781010678381, "Paris": 1959.853259819628, "Rotterdam": 2011.2227839462482, "Saarbr\u00fccken": 1002.3000705853879, "Salzburg": 992.840601124213, "Warsaw": 2914.231872248892}, "Naples": {"Bremen": 2988.290324784794, "Dresden": 2985.277773052346, "Madrid": 4176.496984287978, "Marseille": 1956.4612320630288, "Milan": 994.4851904310211, "Naples": 0.0, "Paris": 2952.0362913117287, "Rotterdam": 3014.5832880177572, "Saarbr\u00fccken": 2007.5416144912692, "Salzburg": 1973.2111638533904, "Warsaw": 3906.7796732967818}, "Paris": {"Bremen": 1999.2845029190055, "Dresden": 1990.4401249851985, "Madrid": 3156.7014598130577, "Marseille": 967.3396920996847, "Milan": 1958.3625690194112, "Naples": 2928.2895230917793, "Paris": 0.0, "Rotterdam": 1019.9058775578562, "Saarbr\u00fccken": 1021.6069099049857, "Salzburg": 1987.5825831379052, "Warsaw": 2924.6461687961864}, "Rotterdam": {"Bremen": 1013.2534429339239, "Dresden": 1003.4809331786547, "Madrid": 4130.753174007934, "Marseille": 1945.3312600862068, "Milan": 1974.490660499445, "Naples": 2945.073645003025, "Paris": 984.1832918317062, "Rotterdam": 0.0, "Saarbr\u00fccken": 1016.1721146195433, "Salzburg": 1988.9433142187236, "Warsaw": 1933.0906647843642}, "Saarbr\u00fccken": {"Bremen": 1010.2567145773938, "Dresden": 1014.0386401176119, "Madrid": 4145.280538153435, "Marseille": 1947.4920222795042, "Milan": 998.0405177298077, "Naples": 1964.3056674314328, "Paris": 982.8934123623239, "Rotterdam": 1014.6137149896032, "Saarbr\u00fccken": 0.0, "Salzburg": 1002.5840428996057, "Warsaw": 1942.2623668046233}, "Salzburg": {"Bremen": 2002.9001174163338, "Dresden": 1007.3681618633943, "Madrid": 4159.365338014763, "Marseille": 1956.8428914906467, "Milan": 983.8639504705824, "Naples": 1953.9333546365372, "Paris": 1991.852431011264, "Rotterdam": 2010.0547549257653, "Saarbr\u00fccken": 1031.6029745691237, "Salzburg": 0.0, "Warsaw": 1935.512208832709}, "Warsaw": {"Bremen": 1996.2318462567669, "Dresden": 1005.4164336253847, "Madrid": 6134.859582683224, "Marseille": 3924.1725051544586, "Milan": 2964.862624047598, "Naples": 3918.4175459692115, "Paris": 2990.5996214550696, "Rotterdam": 2012.1830192595896, "Saarbr\u00fccken": 2012.4563990910679, "Salzburg": 1994.830726555973, "Warsaw": 0.0}}