{"Bremen": {"Bremen": 0.0, "Dresden": 802.373176612424, "Madrid": 4275.637458734445, "Marseille": 2299.6012251694256, "Milan": 1570.7660971789176, "Naples": 2291.3203195496853, "Paris": 1530.248763166703, "Rotterdam": 784.8019770510257, "Saarbr\u00fccken": 818.9387522480365, "Salzburg": 1551.0803681030397, "Warsaw": 1480.3900890979385}, "Dresden": {"Bremen": 781.3477465875653, "Dresden": 0.0, "Madrid": 4284.632159302189, "Marseille": 2299.882282211705, "Milan": 1531.798422435587, "Naples": 2282.022427723538, "Paris": 1548.8804793694983, "Rotterdam": 811.8799544540399, "Saarbr\u00fccken": 806.7757931533861, "Salzburg": 766.355428830873, "Warsaw": 702.6112329758583}, "Madrid": {"Bremen": 4407.340381665197, "Dresden": 4388.264471868529, "Madrid": 0.0, "Marseille": 2121.487038411112, "Milan": 2874.6111228702134, "Naples": 3556.3066777967765, "Paris": 2859.8056098855145, "Rotterdam": 3648.086108283057, "Saarbr\u00fccken": 3666.909062171874, "Salzburg": 3614.6821602448804, "Warsaw": 5101.109459093552}, "Marseille": {"Bremen": 2328.9106309746508, "Dresden": 2294.164134844896, "Madrid": 2030.3833764913397, "Marseille": 0.0, "Milan": 770.1383067843811, "Naples": 1507.0495306587852, "Paris": 757.3917611306947, "Rotterdam": 1546.7519221414568, "Saarbr\u00fccken": 1578.4553633057362, "Salzburg": 1513.524691489649, "Warsaw": 3011.380098254387}, "Milan": {"Bremen": 1581.2906738732295, "Dresden": 1546.079106021042, "Madrid": 2774.327476500859, "Marseille": 782.1522097943961, "Milan": 0.0, "Naples": 739.2933482062177, "Paris": 1552.4009140710311, "Rotterdam": 1587.424101484751, "Saarbr\u00fccken": 824.1208555329026, "Salzburg": 770.6407801014996, "Warsaw": 2229.791261917192}, "Naples": {"Bremen": 2353.9706453810036, "Dresden": 2326.701079252903, "Madrid": 3488.028534215583, "Marseille": 1538.3769934100358, "Milan": 780.6486481915084, "Naples": 0.0, "Paris": 2300.3598823595858, "Rotterdam": 2335.126831790831, "Saarbr\u00fccken": 1580.640035378054, "Salzburg": 1536.0810367901436, "Warsaw": 3020.4066804098297}, "Paris": {"Bremen": 1556.843361766668, "Dresden": 1560.735106234741, "Madrid": 2771.0098124101905, "Marseille": 793.925425949198, "Milan": 1543.1008079137107, "Naples": 2278.0232849406652, "Paris": 0.0, "Rotterdam": 795.0855541027499, "Saarbr\u00fccken": 814.6437324228759, "Salzburg": 1544.3828462704153, "Warsaw": 2274.3586593429272}, "Rotterdam": {"Bremen": 779.0984735756695, "Dresden": 793.8449292837781, "Madrid": 3521.4942913487816, "Marseille": 1534.9180020920812, "Milan": 1589.5912514142817, "Naples": 2322.6067620932745, "Paris": 752.3809551725041, "Rotterdam": 0.0, "Saarbr\u00fccken": 825.9391860081793, "Salzburg": 1547.0422798309835, "Warsaw": 1502.1667396561563}, "Saarbr\u00fccken": {"Bremen": 783.1535925243986, "Dresden": 794.9846097296419, "Madrid": 3509.7678233656948, "Marseille": 1538.9745907861213, "Milan": 794.8872831851546, "Naples": 1519.8047200991468, "Paris": 761.4891684630253, "Rotterdam": 787.4842560416494, "Saarbr\u00fccken": 0.0, "Salzburg": 769.3929913898736, "Warsaw": 1501.1970535076912}, "Salzburg": {"Bremen": 1550.6500983384299, "Dresden": 786.4644019119416, "Madrid": 3528.744899175154, "Marseille": 1546.1956210989651, "Milan": 780.5615651522916, "Naples": 1514.2651547299045, "Paris": 1555.4314440599178, "Rotterdam": 1574.0980341550935, "Saarbr\u00fccken": 826.3871972694374, "Salzburg": 0.0, "Warsaw": 1495.854957772116}, "Warsaw": {"Bremen": 1545.6195387614791, "Dresden": 781.1251231336378, "Madrid": 5056.859701939161, "Marseille": 3079.606136855031, "Milan": 2313.621182361405, "Naples": 3064.2413237564006, "Paris": 2336.40203192278, "Rotterdam": 1572.7967384159192, "Saarbr\u00fccken": 1597.7841700035146, "Salzburg": 1542.947228292092, "Warsaw": 0.0}}