{"Bremen": {"Bremen": 0.0, "Dresden": 963.381528467829, "Madrid": 4923.639129166017, "Marseille": 2769.155883276401, "Milan": 1858.5399968665954, "Naples": 2766.830285077846, "Paris": 1868.8445028980993, "Rotterdam": 948.3302860225061, "Saarbr\u00fccken": 960.2974780649694, "Salzburg": 1873.2261308802524, "Warsaw": 1804.6088790443678}, "Dresden": {"Bremen": 945.2883480675042, "Dresden": 0.0, "Madrid": 4869.529728732866, "Marseille": 2744.643422740522, "Milan": 1833.3462887534945, "Naples": 2742.0199388560627, "Paris": 1874.393550133383, "Rotterdam": 950.0125129249237, "Saarbr\u00fccken": 980.4042786450945, "Salzburg": 914.0298307748415, "Warsaw": 863.0442612187944}, "Madrid": {"Bremen": 5037.912729309524, "Dresden": 5040.635622315509, "Madrid": 0.0, "Marseille": 2246.7893056532475, "Milan": 3168.2170303835696, "Naples": 4043.560501934706, "Paris": 3166.3499155284862, "Rotterdam": 4106.155491945483, "Saarbr\u00fccken": 4127.553053012837, "Salzburg": 4092.475015040791, "Warsaw": 5919.155715988045}, "Marseille": {"Bremen": 2815.9374914323043, "Dresden": 2785.257861988238, "Madrid": 2164.1944681084537, "Marseille": 0.0, "Milan": 913.0157070792463, "Naples": 1817.7313767027242, "Paris": 907.9780408948052, "Rotterdam": 1884.4498100916267, "Saarbr\u00fccken": 1902.5921673704, "Salzburg": 1845.7113447027666, "Warsaw": 3677.766242895424}, "Milan": {"Bremen": 1903.3491594406235, "Dresden": 1867.3615377087888, "Madrid": 3094.3081923599757, "Marseille": 920.0984024049524, "Milan": 0.0, "Naples": 903.0666901498078, "Paris": 1841.3797353536113, "Rotterdam": 1899.0810748944943, "Saarbr\u00fccken": 952.0087354859329, "Salzburg": 938.2302503414114, "Warsaw": 2758.5237497986145}, "Naples": {"Bremen": 2823.316004283799, "Dresden": 2800.6410722173614, "Madrid": 4005.7956274934895, "Marseille": 1852.1965959651282, "Milan": 925.5432336697198, "Naples": 0.0, "Paris": 2766.722500261606, "Rotterdam": 2844.4671355445043, "Saarbr\u00fccken": 1887.0669868091632, "Salzburg": 1849.9154621647087, "Warsaw": 3676.7504308131706}, "Paris": {"Bremen": 1883.0652125835759, "Dresden": 1867.9898353465505, "Madrid": 3126.25007455653, "Marseille": 935.7310317743934, "Milan": 1854.8038950652824, "Naples": 2763.095099942206, "Paris": 0.0, "Rotterdam": 963.9356738824049, "Saarbr\u00fccken": 956.0121063740747, "Salzburg": 1856.5729306292699, "Warsaw": 2748.5345825005775}, "Rotterdam": {"Bremen": 952.0343434822622, "Dresden": 955.2055903430308, "Madrid": 4027.9821492751853, "Marseille": 1833.7443135652748, "Milan": 1883.238683997105, "Naples": 2778.531273886876, "Paris": 909.874156505744, "Rotterdam": 0.0, "Saarbr\u00fccken": 969.1794998329206, "Salzburg": 1886.5380201350383, "Warsaw": 1811.5108091440961}, "Saarbr\u00fccken": {"Bremen": 940.626521175637, "Dresden": 946.2512157249299, "Madrid": 4026.550775682645, "Marseille": 1827.5799170647458, "Milan": 923.1606626636336, "Naples": 1830.0210936638814, "Paris": 911.3432212184653, "Rotterdam": 948.5940984950632, "Saarbr\u00fccken": 0.0, "Salzburg": 941.4493745982991, "Warsaw": 1809.8685224890198}, "Salzburg": {"Bremen": 1891.372995355007, "Dresden": 948.9744955524905, "Madrid": 3972.559522648477, "Marseille": 1831.9630235727034, "Milan": 925.6649210888695, "Naples": 1837.8439858101099, "Paris": 1875.445886721828, "Rotterdam": 1891.9458246013673, "Saarbr\u00fccken": 950.9907579203702, "Salzburg": 0.0, "Warsaw": 1835.567674157201}, "Warsaw": {"Bremen": 1904.7744970022602, "Dresden": 946.7259473009213, "Madrid": 5829.640462380422, "Marseille": 3678.5486353166816, "Milan": 2759.248715747967, "Naples": 3682.655848735269, "Paris": 2831.2819358635106, "Rotterdam": 1894.4289792942845, "Saarbr\u00fccken": 1886.7283686591181, "Salzburg": 1848.043785943467, "Warsaw": 0.0}}