{"Bremen": {"Bremen": 0.0, "Dresden": 881.4072364225127, "Madrid": 4586.471099661919, "Marseille": 2525.4871727787718, "Milan": 1735.1629335300663, "Naples": 2556.8994012853273, "Paris": 1689.8943649554722, "Rotterdam": 870.1746684758014, "Saarbr\u00fccken": 888.7913521483455, "Salzburg": 1706.9748327462476, "Warsaw": 1679.0960505682178}, "Dresden": {"Bremen": 845.1675637396914, "Dresden": 0.0, "Madrid": 4609.300896501261, "Marseille": 2528.7921023525832, "Milan": 1684.0587169923194, "Naples": 2504.0003771233514, "Paris": 1711.275354714394, "Rotterdam": 876.5102374152331, "Saarbr\u00fccken": 890.1885042114127, "Salzburg": 822.6241913974753, "Warsaw": 822.931671772267}, "Madrid": {"Bremen": 4722.509173872912, "Dresden": 4722.375497926841, "Madrid": 0.0, "Marseille": 2165.869973170939, "Milan": 3015.7604009850543, "Naples": 3816.076302496614, "Paris": 2989.031734373359, "Rotterdam": 3885.7484949956925, "Saarbr\u00fccken": 3876.92411131911, "Salzburg": 3848.977681308373, "Warsaw": 5499.282232571621}, "Marseille": {"Bremen": 2567.216007374251, "Dresden": 2570.251244228845, "Madrid": 2022.9337572022741, "Marseille": 0.0, "Milan": 857.7119970883098, "Naples": 1662.9171022848047, "Paris": 825.3200732805109, "Rotterdam": 1692.6418754668755, "Saarbr\u00fccken": 1731.9946492351596, "Salzburg": 1686.7841616080696, "Warsaw": 3355.1413351970077}, "Milan": {"Bremen": 1727.9980328376905, "Dresden": 1718.6811238776456, "Madrid": 2910.955493351316, "Marseille": 836.4351294627423, "Milan": 0.0, "Naples": 824.5717447032315, "Paris": 1684.5580963336376, "Rotterdam": 1744.5518959610242, "Saarbr\u00fccken": 887.4429820505071, "Salzburg": 836.8020322800431, "Warsaw": 2518.5577550194257}, "Naples": {"Bremen": 2582.467258082577, "Dresden": 2548.843763917106, "Madrid": 3732.4990607120053, "Marseille": 1683.1182867179184, "Milan": 835.3054383550534, "Naples": 0.0, "Paris": 2539.24080286668, "Rotterdam": 2604.913397730274, "Saarbr\u00fccken": 1717.7334478841426, "Salzburg": 1689.655289573454, "Warsaw": 3353.9382359769793}, "Paris": {"Bremen": 1721.4461039109385, "Dresden": 1735.7238940082577, "Madrid": 2881.1740295145532, "Marseille": 838.6064842440899, "Milan": 1712.7832552825912, "Naples": 2507.4212064353947, "Paris": 0.0, "Rotterdam": 873.9729932002047, "Saarbr\u00fccken": 900.3205395005438, "Salzburg": 1729.8336718896435, "Warsaw": 2528.6936284723397}, "Rotterdam": {"Bremen": 842.6833875070488, "Dresden": 869.74537154242, "Madrid": 3747.6873293702943, "Marseille": 1683.681091349925, "Milan": 1728.0352949526623, "Naples": 2534.6685297276367, "Paris": 837.4135395507424, "Rotterdam": 0.0, "Saarbr\u00fccken": 899.9163433874788, "Salzburg": 1694.5909216379087, "Warsaw": 1667.6747334968143}, "Saarbr\u00fccken": {"Bremen": 840.527973936915, "Dresden": 872.7432553308565, "Madrid": 3763.0519714545567, "Marseille": 1680.9287803326429, "Milan": 856.0010526039703, "Naples": 1662.309861046871, "Paris": 841.5790566500322, "Rotterdam": 888.3877022038665, "Saarbr\u00fccken": 0.0, "Salzburg": 834.1503211522001, "Warsaw": 1689.5290695271194}, "Salzburg": {"Bremen": 1719.3605302706992, "Dresden": 865.9581854558188, "Madrid": 3749.797229974503, "Marseille": 1691.4645726527986, "Milan": 852.8992371568013, "Naples": 1654.296916510072, "Paris": 1711.891313423962, "Rotterdam": 1740.8067072787856, "Saarbr\u00fccken": 900.662185027665, "Salzburg": 0.0, "Warsaw": 1684.9712220079343}, "Warsaw": {"Bremen": 1716.0713438900016, "Dresden": 866.6515307413197, "Madrid": 5453.478197368287, "Marseille": 3392.5131054773597, "Milan": 2555.036595746139, "Naples": 3366.9432108933665, "Paris": 2573.1578573927495, "Rotterdam": 1735.8124610348843, "Saarbr\u00fccken": 1755.653450656113, "Salzburg": 1682.5979877598938, "Warsaw": 0.0}}