{"Bremen": {"Bremen": 0.0, "Dresden": 795.4366657441594, "Madrid": 4404.403457518877, "Marseille": 2383.050656463105, "Milan": 1651.4957001600653, "Naples": 2389.8462308986964, "Paris": 1615.595011947861, "Rotterdam": 819.6902889626916, "Saarbr\u00fccken": 866.672754905799, "Salzburg": 1588.345705920922, "Warsaw": 1532.4029332111706}, "Dresden": {"Bremen": 818.4431317222386, "Dresden": 0.0, "Madrid": 4384.265390639679, "Marseille": 2372.548119544229, "Milan": 1575.7569474722359, "Naples": 2352.574039334775, "Paris": 1609.5342146177404, "Rotterdam": 814.4807213811151, "Saarbr\u00fccken": 859.098651859639, "Salzburg": 787.2196549885449, "Warsaw": 744.4644595870594}, "Madrid": {"Bremen": 4522.554666480783, "Dresden": 4505.064192547475, "Madrid": 0.0, "Marseille": 2153.0687001222923, "Milan": 2921.635300144968, "Naples": 3667.8521509975785, "Paris": 2933.4469063247284, "Rotterdam": 3716.6714500074236, "Saarbr\u00fccken": 3753.140214957807, "Salzburg": 3676.6144760542575, "Warsaw": 5208.45324578647}, "Marseille": {"Bremen": 2415.7477008629558, "Dresden": 2406.8295498872276, "Madrid": 2010.8301350510533, "Marseille": 0.0, "Milan": 820.3510517993833, "Naples": 1568.1946532348286, "Paris": 820.0362367734238, "Rotterdam": 1620.593632419272, "Saarbr\u00fccken": 1653.3026436820578, "Salzburg": 1580.8649232066614, "Warsaw": 3130.4759388459456}, "Milan": {"Bremen": 1637.5395156723228, "Dresden": 1607.4085809057697, "Madrid": 2804.519416942081, "Marseille": 797.7964602671153, "Milan": 0.0, "Naples": 754.5828222610957, "Paris": 1593.0811030551754, "Rotterdam": 1641.4746101539786, "Saarbr\u00fccken": 855.4461814338746, "Salzburg": 795.75893004912, "Warsaw": 2334.619722840454}, "Naples": {"Bremen": 2426.844074931957, "Dresden": 2406.784742864039, "Madrid": 3631.4681066775333, "Marseille": 1605.0501335500965, "Milan": 839.3034858551141, "Naples": 0.0, "Paris": 2383.3065856975036, "Rotterdam": 2438.476346526425, "Saarbr\u00fccken": 1629.9812964718835, "Salzburg": 1585.5884203240973, "Warsaw": 3137.462486037367}, "Paris": {"Bremen": 1613.0670302651963, "Dresden": 1619.8896580443547, "Madrid": 2818.716178194149, "Marseille": 819.9990842254673, "Milan": 1612.9208224065371, "Naples": 2351.680155992227, "Paris": 0.0, "Rotterdam": 816.51109516456, "Saarbr\u00fccken": 859.1175815336281, "Salzburg": 1616.3432553339517, "Warsaw": 2349.864302561975}, "Rotterdam": {"Bremen": 816.4477047305292, "Dresden": 787.0663535508602, "Madrid": 3593.2691552355363, "Marseille": 1592.6384021830079, "Milan": 1641.3870378692807, "Naples": 2391.249661694329, "Paris": 820.6020766203492, "Rotterdam": 0.0, "Saarbr\u00fccken": 862.9136796325826, "Salzburg": 1591.6421804978465, "Warsaw": 1538.795753545899}, "Saarbr\u00fccken": {"Bremen": 810.970199590749, "Dresden": 802.5960948970559, "Madrid": 3625.345777614643, "Marseille": 1608.0908127885737, "Milan": 821.6539715950805, "Naples": 1563.7270678243542, "Paris": 816.3504323937626, "Rotterdam": 819.1869763903316, "Saarbr\u00fccken": 0.0, "Salzburg": 786.31249346154, "Warsaw": 1542.549506377455}, "Salzburg": {"Bremen": 1609.9100094582393, "Dresden": 803.0956371414338, "Madrid": 3598.8289450498787, "Marseille": 1589.1895292259962, "Milan": 810.3527034581582, "Naples": 1562.6780167568243, "Paris": 1616.6619903246026, "Rotterdam": 1629.33488414848, "Saarbr\u00fccken": 853.713035989747, "Salzburg": 0.0, "Warsaw": 1537.394925270475}, "Warsaw": {"Bremen": 1605.3151735184997, "Dresden": 794.4106039287026, "Madrid": 5186.751400394502, "Marseille": 3168.709616083055, "Milan": 2377.400967467412, "Naples": 3172.7956723295947, "Paris": 2420.964508984161, "Rotterdam": 1612.365760541454, "Saarbr\u00fccken": 1651.7652717935337, "Salzburg": 1582.2530433946968, "Warsaw": 0.0}}