{"Bremen": {"Bremen": 0.0, "Dresden": 871.2680546157259, "Madrid": 4461.761592489176, "Marseille": 2447.1313414180368, "Milan": 1703.7422739028875, "Naples": 2460.453051205553, "Paris": 1626.8905034624674, "Rotterdam": 875.9750557790892, "Saarbr\u00fccken": 909.5588372109286, "Salzburg": 1653.9869508742156, "Warsaw": 1584.7569863362244}, "Dresden": {"Bremen": 842.7857268627788, "Dresden": 0.0, "Madrid": 4494.947560804297, "Marseille": 2465.3168677659755, "Milan": 1643.6722888602746, "Naples": 2404.321261702215, "Paris": 1647.6353247927445, "Rotterdam": 852.8573967613362, "Saarbr\u00fccken": 863.1692938274209, "Salzburg": 838.7974152199977, "Warsaw": 734.2953032835926}, "Madrid": {"Bremen": 4584.766087425466, "Dresden": 4588.383310890425, "Madrid": 0.0, "Marseille": 2086.661443353134, "Milan": 2956.8325549596034, "Naples": 3707.4762278297835, "Paris": 2917.761978986073, "Rotterdam": 3724.650770083424, "Saarbr\u00fccken": 3793.0398782179964, "Salzburg": 3733.7309222223575, "Warsaw": 5337.834604034272}, "Marseille": {"Bremen": 2484.5631936642662, "Dresden": 2484.1396764731717, "Madrid": 2076.3698399477357, "Marseille": 0.0, "Milan": 837.561382221649, "Naples": 1601.3722641662755, "Paris": 821.8281240610951, "Rotterdam": 1652.1892881081842, "Saarbr\u00fccken": 1678.2925759877444, "Salzburg": 1628.4004087039832, "Warsaw": 3228.730877208536}, "Milan": {"Bremen": 1680.9703437681196, "Dresden": 1681.6010111207029, "Madrid": 2852.3913467313473, "Marseille": 800.651126786831, "Milan": 0.0, "Naples": 786.5022684904561, "Paris": 1628.7283976169215, "Rotterdam": 1701.08761703546, "Saarbr\u00fccken": 855.3000929222953, "Salzburg": 839.3615827676699, "Warsaw": 2417.6470929148686}, "Naples": {"Bremen": 2500.587493204511, "Dresden": 2481.009595006286, "Madrid": 3646.006078201387, "Marseille": 1618.6447679857654, "Milan": 819.356257640338, "Naples": 0.0, "Paris": 2433.8869414677292, "Rotterdam": 2487.5527994836166, "Saarbr\u00fccken": 1667.5249738177538, "Salzburg": 1632.0719870332262, "Warsaw": 3212.2043624197768}, "Paris": {"Bremen": 1676.8320094669325, "Dresden": 1671.6155684667349, "Madrid": 2862.036132256738, "Marseille": 803.4154739851967, "Milan": 1635.9447949595558, "Naples": 2429.781941471741, "Paris": 0.0, "Rotterdam": 874.7978269765174, "Saarbr\u00fccken": 853.5286449656081, "Salzburg": 1662.5576564764756, "Warsaw": 2405.9707279315103}, "Rotterdam": {"Bremen": 848.1226494508093, "Dresden": 855.416856410737, "Madrid": 3659.4526720971226, "Marseille": 1618.0617552801887, "Milan": 1658.1771720646109, "Naples": 2448.342462708635, "Paris": 817.5638006032758, "Rotterdam": 0.0, "Saarbr\u00fccken": 877.2056272651662, "Salzburg": 1647.9929187426897, "Warsaw": 1593.9805967529758}, "Saarbr\u00fccken": {"Bremen": 846.4476720645614, "Dresden": 852.513739059447, "Madrid": 3650.197222025517, "Marseille": 1632.958116061492, "Milan": 843.5449547209907, "Naples": 1610.529563305895, "Paris": 810.6046960755481, "Rotterdam": 888.676181681834, "Saarbr\u00fccken": 0.0, "Salzburg": 826.3466527350929, "Warsaw": 1603.6505878542973}, "Salzburg": {"Bremen": 1658.6155789326294, "Dresden": 881.618978960364, "Madrid": 3660.006922953279, "Marseille": 1625.2832035330034, "Milan": 805.8490564743911, "Naples": 1593.340578783504, "Paris": 1651.326080371266, "Rotterdam": 1657.2464017199304, "Saarbr\u00fccken": 886.2976675374376, "Salzburg": 0.0, "Warsaw": 1603.5164028821857}, "Warsaw": {"Bremen": 1684.015794857892, "Dresden": 851.5192034893769, "Madrid": 5297.624856687577, "Marseille": 3265.548468117332, "Milan": 2461.701451630033, "Naples": 3227.819963481755, "Paris": 2475.5932263671025, "Rotterdam": 1688.1755931056914, "Saarbr\u00fccken": 1696.6614651753448, "Salzburg": 1655.5870426775923, "Warsaw": 0.0}}