{"Bremen": {"Bremen": 0.0, "Dresden": 998.9145176376198, "Madrid": 5191.050723021592, "Marseille": 2966.8676832784035, "Milan": 2024.0510923988147, "Naples": 2977.344661736588, "Paris": 2003.0582395456056, "Rotterdam": 1048.5404755437803, "Saarbr\u00fccken": 1041.3415363129425, "Salzburg": 2025.4239236715937, "Warsaw": 1940.6534931356255}, "Dresden": {"Bremen": 1045.119315948484, "Dresden": 0.0, "Madrid": 5167.2084309413785, "Marseille": 2949.696889199166, "Milan": 2005.236508746726, "Naples": 2957.403072406853, "Paris": 1987.3210242508344, "Rotterdam": 1039.0531534816805, "Saarbr\u00fccken": 1033.7550952788272, "Salzburg": 1010.8151201320469, "Warsaw": 954.5307049511425}, "Madrid": {"Bremen": 5292.009653933448, "Dresden": 5313.400151925205, "Madrid": 0.0, "Marseille": 2208.1809140380587, "Milan": 3264.001695417761, "Naples": 4271.385319195119, "Paris": 3204.640392815244, "Rotterdam": 4264.808903857443, "Saarbr\u00fccken": 4305.468626602437, "Salzburg": 4278.621793150736, "Warsaw": 6279.266459022404}, "Marseille": {"Bremen": 3011.847435648224, "Dresden": 3012.402751171653, "Madrid": 2269.276897744967, "Marseille": 0.0, "Milan": 1004.795121272689, "Naples": 1983.4689819111481, "Paris": 977.0299536360491, "Rotterdam": 2020.1332773523336, "Saarbr\u00fccken": 2045.0136164785304, "Salzburg": 1987.882422523789, "Warsaw": 3966.638846676649}, "Milan": {"Bremen": 2027.457782666466, "Dresden": 1997.7670298536234, "Madrid": 3215.168642038602, "Marseille": 976.4779633284771, "Milan": 0.0, "Naples": 989.4629784056591, "Paris": 1971.3451698433353, "Rotterdam": 2044.0312760657027, "Saarbr\u00fccken": 1044.443396703499, "Salzburg": 1019.9649882850564, "Warsaw": 2959.8925251299456}, "Naples": {"Bremen": 3011.5689992799093, "Dresden": 2989.6438163683742, "Madrid": 4225.301872474699, "Marseille": 1996.1901703720525, "Milan": 1007.7293284459463, "Naples": 0.0, "Paris": 2986.7113585751704, "Rotterdam": 3034.2611634220366, "Saarbr\u00fccken": 2015.5682180801496, "Salzburg": 1979.3988530460015, "Warsaw": 3930.624371566142}, "Paris": {"Bremen": 2040.9622365947955, "Dresden": 2010.472331862287, "Madrid": 3211.740587278421, "Marseille": 940.470861563714, "Milan": 1991.4647473338339, "Naples": 2944.674540946023, "Paris": 0.0, "Rotterdam": 1070.2239641877925, "Saarbr\u00fccken": 1047.4715859126636, "Salzburg": 2018.6597640578784, "Warsaw": 2948.226559055248}, "Rotterdam": {"Bremen": 1030.5866783833542, "Dresden": 991.8662748489079, "Madrid": 4174.4800179385675, "Marseille": 1936.496530339179, "Milan": 2013.7559789369996, "Naples": 3000.4823853811213, "Paris": 992.1374184084133, "Rotterdam": 0.0, "Saarbr\u00fccken": 1027.217282107094, "Salzburg": 2023.9774551534197, "Warsaw": 1959.1411811052726}, "Saarbr\u00fccken": {"Bremen": 1036.31065972156, "Dresden": 1011.8468898087922, "Madrid": 4157.101361261274, "Marseille": 1936.5789794847722, "Milan": 993.2150033827944, "Naples": 1961.2147709909257, "Paris": 976.5916424891545, "Rotterdam": 1075.0485780465876, "Saarbr\u00fccken": 0.0, "Salzburg": 1024.5332860322678, "Warsaw": 1973.7409302559843}, "Salzburg": {"Bremen": 2016.5876592970071, "Dresden": 988.5588526959408, "Madrid": 4194.643419635375, "Marseille": 1963.7514006659678, "Milan": 988.7871733946259, "Naples": 1970.1076158793994, "Paris": 2035.431633744532, "Rotterdam": 2028.7114163026986, "Saarbr\u00fccken": 1046.8540858584904, "Salzburg": 0.0, "Warsaw": 1952.0536077637234}, "Warsaw": {"Bremen": 2013.9408651729693, "Dresden": 991.5316626340955, "Madrid": 6196.296361769875, "Marseille": 3966.3312082152884, "Milan": 3028.387936446915, "Naples": 3974.062746583527, "Paris": 2992.8604564060906, "Rotterdam": 2017.0116095394098, "Saarbr\u00fccken": 2033.693765583431, "Salzburg": 2011.4876642325767, "Warsaw": 0.0}}