{"Bremen": {"Bremen": 0.0, "Dresden": 412.4348874627027, "Madrid": 1863.303870214344, "Marseille": 1109.0227485984788, "Milan": 808.0314541795718, "Naples": 1114.2971681550675, "Paris": 753.5102374769671, "Rotterdam": 442.71106500539554, "Saarbr\u00fccken": 426.35419614387513, "Salzburg": 773.3056937244293, "Warsaw": 716.3214320949808}, "Dresden": {"Bremen": 407.379925419552, "Dresden": 0.0, "Madrid": 1898.6748645650114, "Marseille": 1124.9027025168275, "Milan": 775.6874253607912, "Naples": 1047.8052209980815, "Paris": 764.8387832141366, "Rotterdam": 424.5070208751615, "Saarbr\u00fccken": 440.27752435719265, "Salzburg": 363.71976941273454, "Warsaw": 290.7626583647681}, "Madrid": {"Bremen": 1991.817324845302, "Dresden": 1964.2516090246215, "Madrid": 0.0, "Marseille": 831.1284448568579, "Milan": 1213.9128837560197, "Naples": 1526.1146785387696, "Paris": 1193.1977367502095, "Rotterdam": 1585.4643091197386, "Saarbr\u00fccken": 1627.179923373174, "Salzburg": 1552.5499367218754, "Warsaw": 2244.786640532665}, "Marseille": {"Bremen": 1170.497624335416, "Dresden": 1138.424100013939, "Madrid": 763.2428848760558, "Marseille": 0.0, "Milan": 405.778642067588, "Naples": 698.9505341854028, "Paris": 375.81265933586496, "Rotterdam": 768.0412730708541, "Saarbr\u00fccken": 803.8380595422672, "Salzburg": 734.3856676280549, "Warsaw": 1416.6827504407008}, "Milan": {"Bremen": 813.8243261736793, "Dresden": 778.5558428307293, "Madrid": 1129.4416698458301, "Marseille": 346.48587754459237, "Milan": 0.0, "Naples": 315.49814223599736, "Paris": 729.1372770087107, "Rotterdam": 813.9111170440001, "Saarbr\u00fccken": 422.98377423818005, "Salzburg": 365.8717685817203, "Warsaw": 1045.3490675368942}, "Naples": {"Bremen": 1168.091451375006, "Dresden": 1152.4606908545384, "Madrid": 1469.863676865624, "Marseille": 730.3371499467886, "Milan": 413.7975599664703, "Naples": 0.0, "Paris": 1184.0602527637682, "Rotterdam": 1187.3693607943346, "Saarbr\u00fccken": 794.0694662612167, "Salzburg": 742.7342654625234, "Warsaw": 1486.1789760731463}, "Paris": {"Bremen": 796.2161481637949, "Dresden": 799.608361044571, "Madrid": 1130.0690526728365, "Marseille": 350.64901173342594, "Milan": 744.142984910501, "Naples": 1126.7127957681282, "Paris": 0.0, "Rotterdam": 419.57445491105193, "Saarbr\u00fccken": 423.2805592306887, "Salzburg": 771.789069813829, "Warsaw": 1083.4688608449196}, "Rotterdam": {"Bremen": 407.61451027941564, "Dresden": 413.2506775138516, "Madrid": 1469.3716792147086, "Marseille": 726.2821474727746, "Milan": 799.3784145209818, "Naples": 1115.0102736347749, "Paris": 376.2427861444115, "Rotterdam": 0.0, "Saarbr\u00fccken": 397.3392417378142, "Salzburg": 781.7336659897306, "Warsaw": 684.2336931390445}, "Saarbr\u00fccken": {"Bremen": 418.14972157103944, "Dresden": 425.4071842041295, "Madrid": 1472.9065570173568, "Marseille": 723.685401154448, "Milan": 393.0470472528728, "Naples": 699.638950270138, "Paris": 365.2609702497905, "Rotterdam": 419.64652426523037, "Saarbr\u00fccken": 0.0, "Salzburg": 373.66176207754404, "Warsaw": 689.7511694580812}, "Salzburg": {"Bremen": 834.9197056293599, "Dresden": 428.1636055905695, "Madrid": 1539.6496436019665, "Marseille": 759.7598338631387, "Milan": 423.39812476431155, "Naples": 691.3056716146441, "Paris": 786.7470699382706, "Rotterdam": 810.0406944049232, "Saarbr\u00fccken": 435.4469690977195, "Salzburg": 0.0, "Warsaw": 688.4725530033921}, "Warsaw": {"Bremen": 789.7999976365228, "Dresden": 395.03695810524675, "Madrid": 2257.131778685616, "Marseille": 1505.520200556001, "Milan": 1144.9921788571949, "Naples": 1481.0276232118017, "Paris": 1178.3719641859188, "Rotterdam": 799.1441551256663, "Saarbr\u00fccken": 825.4124702046245, "Salzburg": 783.0033734485653, "Warsaw": 0.0}}