{"Bremen": {"Bremen": 0.0, "Dresden": 908.0154456994292, "Madrid": 4747.7950004528175, "Marseille": 2636.636976206451, "Milan": 1807.7519886423906, "Naples": 2635.34145200166, "Paris": 1775.0708374228325, "Rotterdam": 920.3982834327519, "Saarbr\u00fccken": 933.4007939615218, "Salzburg": 1795.0561841294157, "Warsaw": 1720.1831368366336}, "Dresden": {"Bremen": 914.6892355175348, "Dresden": 0.0, "Madrid": 4737.251876504154, "Marseille": 2630.2186667368605, "Milan": 1749.4203593749892, "Naples": 2630.782386302336, "Paris": 1782.5506596837167, "Rotterdam": 918.6481226113071, "Saarbr\u00fccken": 923.6398433423946, "Salzburg": 874.8681167918397, "Warsaw": 814.4263490098302}, "Madrid": {"Bremen": 4876.060344581873, "Dresden": 4849.819924664139, "Madrid": 0.0, "Marseille": 2214.2716301708188, "Milan": 3080.7028125781417, "Naples": 3943.408896890814, "Paris": 3085.084572973115, "Rotterdam": 3975.306129558755, "Saarbr\u00fccken": 3980.17560383024, "Salzburg": 3955.1833015013444, "Warsaw": 5698.816111878968}, "Marseille": {"Bremen": 2678.0079563235636, "Dresden": 2677.090490187805, "Madrid": 2099.777883063653, "Marseille": 0.0, "Milan": 893.5766126218541, "Naples": 1743.0337191791286, "Paris": 892.4703735109409, "Rotterdam": 1789.7306149292463, "Saarbr\u00fccken": 1823.8014836823563, "Salzburg": 1760.0019037798409, "Warsaw": 3509.242949395209}, "Milan": {"Bremen": 1816.9021447436576, "Dresden": 1797.0798255239142, "Madrid": 2979.525890707467, "Marseille": 883.5233555138567, "Milan": 0.0, "Naples": 882.1179771554536, "Paris": 1775.6480665497188, "Rotterdam": 1807.6474215721905, "Saarbr\u00fccken": 899.1956674149907, "Salzburg": 880.4139895678858, "Warsaw": 2610.9777416267743}, "Naples": {"Bremen": 2706.3603145000834, "Dresden": 2685.8149441775654, "Madrid": 3868.064965438148, "Marseille": 1762.1609185724274, "Milan": 893.8753933813946, "Naples": 0.0, "Paris": 2648.9144689362074, "Rotterdam": 2710.8207429466693, "Saarbr\u00fccken": 1806.4468372710346, "Salzburg": 1764.323294789129, "Warsaw": 3505.9094477036397}, "Paris": {"Bremen": 1796.711267560607, "Dresden": 1804.8189676657462, "Madrid": 2969.9694822130773, "Marseille": 879.9235053371887, "Milan": 1759.435015685205, "Naples": 2616.6671067292373, "Paris": 0.0, "Rotterdam": 932.0438480058353, "Saarbr\u00fccken": 929.9388665958675, "Salzburg": 1786.0430541873475, "Warsaw": 2645.9746412671207}, "Rotterdam": {"Bremen": 919.1779889261294, "Dresden": 918.7504269134972, "Madrid": 3875.0175640682014, "Marseille": 1764.1392345943777, "Milan": 1805.2991887619014, "Naples": 2668.8686651428065, "Paris": 888.099444910606, "Rotterdam": 0.0, "Saarbr\u00fccken": 930.3298733496683, "Salzburg": 1791.859370360938, "Warsaw": 1737.175979263779}, "Saarbr\u00fccken": {"Bremen": 921.834970323769, "Dresden": 915.0332366392579, "Madrid": 3871.5226960528985, "Marseille": 1742.7352925202163, "Milan": 908.8412336840763, "Naples": 1748.56284569356, "Paris": 890.2557583170174, "Rotterdam": 920.1677952438772, "Saarbr\u00fccken": 0.0, "Salzburg": 882.0538530128089, "Warsaw": 1742.5247454759417}, "Salzburg": {"Bremen": 1810.5410976920948, "Dresden": 905.903664358806, "Madrid": 3853.7035076224843, "Marseille": 1753.7307664799594, "Milan": 889.4462771378548, "Naples": 1745.2394101793377, "Paris": 1799.5013340132393, "Rotterdam": 1812.850521014799, "Saarbr\u00fccken": 913.8189670162415, "Salzburg": 0.0, "Warsaw": 1722.4741645633383}, "Warsaw": {"Bremen": 1816.2377583965942, "Dresden": 898.7826004352688, "Madrid": 5663.054465206298, "Marseille": 3555.3743593988083, "Milan": 2679.335530483395, "Naples": 3526.0746214986434, "Paris": 2682.332621015471, "Rotterdam": 1802.2684629031983, "Saarbr\u00fccken": 1828.6129303232185, "Salzburg": 1789.1846635009074, "Warsaw": 0.0}}