{"Bremen": {"Bremen": 0.0, "Dresden": 400.24541984694736, "Madrid": 2426.6717135850586, "Marseille": 1400.0023212263472, "Milan": 959.5326540821417, "Naples": 1945.0003426363696, "Paris": 918.3633936993999, "Rotterdam": 452.04078776078325, "Saarbr\u00fccken": 460.6042483945976, "Salzburg": 935.0190842582311, "Warsaw": 876.9412155297956}, "Dresden": {"Bremen": 447.11977439156266, "Dresden": 0.0, "Madrid": 2423.1352582680233, "Marseille": 1412.7379209245337, "Milan": 970.2106242138115, "Naples": 1956.6995944735413, "Paris": 920.8908015383392, "Rotterdam": 462.8460872007911, "Saarbr\u00fccken": 481.6070056941449, "Salzburg": 402.70630053346866, "Warsaw": 326.49336824446516}, "Madrid": {"Bremen": 2567.0293056624573, "Dresden": 2446.8979391768153, "Madrid": 0.0, "Marseille": 862.1927816028493, "Milan": 1986.4142648887168, "Naples": 2468.7362245845156, "Paris": 1452.8617250213892, "Rotterdam": 2055.4044921931677, "Saarbr\u00fccken": 2072.3244334771352, "Salzburg": 2468.7639674391153, "Warsaw": 3431.8540436062735}, "Marseille": {"Bremen": 1516.2848294925088, "Dresden": 1463.4916174739824, "Madrid": 851.145756564442, "Marseille": 0.0, "Milan": 425.55489974640835, "Naples": 946.9944226122511, "Paris": 356.17434659046455, "Rotterdam": 1000.069924329231, "Saarbr\u00fccken": 984.5326163216586, "Salzburg": 944.3160029549912, "Warsaw": 2430.766054326775}, "Milan": {"Bremen": 976.7584216664678, "Dresden": 936.7183236054917, "Madrid": 1909.3228145773198, "Marseille": 329.2034373445732, "Milan": 0.0, "Naples": 403.512508305953, "Paris": 907.1230566899967, "Rotterdam": 987.0789532277734, "Saarbr\u00fccken": 466.03340621599136, "Salzburg": 442.4398778777417, "Warsaw": 1385.0648170550714}, "Naples": {"Bremen": 2041.6873107591, "Dresden": 1952.228531996805, "Madrid": 2430.7948706520856, "Marseille": 901.2293479951223, "Milan": 413.7013389573952, "Naples": 0.0, "Paris": 1972.5912307263357, "Rotterdam": 2036.9264931662717, "Saarbr\u00fccken": 1523.068936799764, "Salzburg": 938.7098075699072, "Warsaw": 2448.528585570152}, "Paris": {"Bremen": 999.5100171539201, "Dresden": 934.9909811519036, "Madrid": 1390.29202900283, "Marseille": 321.8090053429597, "Milan": 968.6597007530164, "Naples": 1974.6647876271145, "Paris": 0.0, "Rotterdam": 475.5814775653264, "Saarbr\u00fccken": 481.9328963000597, "Salzburg": 937.9662022747665, "Warsaw": 1904.1029995181846}, "Rotterdam": {"Bremen": 454.5159520107649, "Dresden": 410.8424095348215, "Madrid": 1903.8974824939369, "Marseille": 865.1136012884057, "Milan": 974.982788658901, "Naples": 1970.7437706051749, "Paris": 351.5755655756233, "Rotterdam": 0.0, "Saarbr\u00fccken": 453.231557235319, "Salzburg": 959.0162589233963, "Warsaw": 1385.0706225120796}, "Saarbr\u00fccken": {"Bremen": 465.9705449969791, "Dresden": 389.79452141064985, "Madrid": 1932.0945238861561, "Marseille": 864.6970772133959, "Milan": 409.1214118215366, "Naples": 1450.8062471365465, "Paris": 354.7399455801198, "Rotterdam": 456.4847536041193, "Saarbr\u00fccken": 0.0, "Salzburg": 472.0830481814959, "Warsaw": 1397.4517127788572}, "Salzburg": {"Bremen": 1014.9080868349624, "Dresden": 400.250290110265, "Madrid": 2435.8292971482797, "Marseille": 871.044950224977, "Milan": 431.18552003584676, "Naples": 927.8542879628592, "Paris": 909.3423877868051, "Rotterdam": 999.5478430463135, "Saarbr\u00fccken": 479.18883479940615, "Salzburg": 0.0, "Warsaw": 872.7683245647859}, "Warsaw": {"Bremen": 984.8064543642735, "Dresden": 398.16571617058645, "Madrid": 3464.682141765859, "Marseille": 2431.2961564898587, "Milan": 1488.6690637606903, "Naples": 2470.377983796718, "Paris": 1939.0295197609983, "Rotterdam": 1518.3026720006974, "Saarbr\u00fccken": 1540.3709751872743, "Salzburg": 946.4986718809413, "Warsaw": 0.0}}