{"Bremen": {"Bremen": 0.0, "Dresden": 925.1040800810719, "Madrid": 4844.478457408978, "Marseille": 2729.9112680067415, "Milan": 1830.6711259661843, "Naples": 2718.60145448974, "Paris": 1813.413726810312, "Rotterdam": 933.3479385882221, "Saarbr\u00fccken": 935.2794010597272, "Salzburg": 1834.3887055868531, "Warsaw": 1779.1780880765673}, "Dresden": {"Bremen": 916.7343391484341, "Dresden": 0.0, "Madrid": 4825.592776290818, "Marseille": 2707.802975054534, "Milan": 1805.2685970115895, "Naples": 2692.2655011832667, "Paris": 1821.3262947279993, "Rotterdam": 939.7479665659241, "Saarbr\u00fccken": 933.2680150468539, "Salzburg": 900.5082132216608, "Warsaw": 859.3019952573288}, "Madrid": {"Bremen": 4948.10518531319, "Dresden": 4933.262305371674, "Madrid": 0.0, "Marseille": 2201.680003398972, "Milan": 3105.211202871393, "Naples": 3994.5336722853267, "Paris": 3089.143273082632, "Rotterdam": 4048.41368462157, "Saarbr\u00fccken": 4053.1513704735685, "Salzburg": 3993.441367812612, "Warsaw": 5805.098315790184}, "Marseille": {"Bremen": 2748.8097917624864, "Dresden": 2726.6297353269138, "Madrid": 2118.500578132574, "Marseille": 0.0, "Milan": 888.1975746086093, "Naples": 1804.9788615708503, "Paris": 870.8878473030139, "Rotterdam": 1819.8887612002366, "Saarbr\u00fccken": 1839.8796486780357, "Salzburg": 1795.2555925221998, "Warsaw": 3590.7965395277274}, "Milan": {"Bremen": 1856.4273277364464, "Dresden": 1819.2852894101773, "Madrid": 2990.9700136151423, "Marseille": 894.3162854925018, "Milan": 0.0, "Naples": 862.9114486752006, "Paris": 1799.193454393178, "Rotterdam": 1861.5946369433714, "Saarbr\u00fccken": 925.3510776803874, "Salzburg": 898.7144323156485, "Warsaw": 2677.6183837191556}, "Naples": {"Bremen": 2775.97746020425, "Dresden": 2745.8222896515763, "Madrid": 3937.6515000550153, "Marseille": 1806.6074388021545, "Milan": 863.4233342110916, "Naples": 0.0, "Paris": 2708.965965809069, "Rotterdam": 2764.1237342517834, "Saarbr\u00fccken": 1838.8532296140168, "Salzburg": 1805.8806241988066, "Warsaw": 3584.187158333953}, "Paris": {"Bremen": 1860.6307705805266, "Dresden": 1867.030439676028, "Madrid": 2999.3432018095446, "Marseille": 896.5737868601207, "Milan": 1814.6603725683635, "Naples": 2687.6707244530844, "Paris": 0.0, "Rotterdam": 935.5531815404447, "Saarbr\u00fccken": 939.0636386278532, "Salzburg": 1841.8958387728537, "Warsaw": 2717.631821912202}, "Rotterdam": {"Bremen": 925.8683956505638, "Dresden": 926.0343247658508, "Madrid": 3888.3931632792014, "Marseille": 1781.102048579379, "Milan": 1844.2154510786197, "Naples": 2741.9236201229282, "Paris": 875.1655615804265, "Rotterdam": 0.0, "Saarbr\u00fccken": 946.4550086946074, "Salzburg": 1832.6748294951356, "Warsaw": 1790.5392182364549}, "Saarbr\u00fccken": {"Bremen": 922.9646332086076, "Dresden": 925.9545889701853, "Madrid": 3909.0690183320376, "Marseille": 1792.9686905528822, "Milan": 901.2929780345354, "Naples": 1799.7228186065101, "Paris": 879.8108444097404, "Rotterdam": 942.507213799502, "Saarbr\u00fccken": 0.0, "Salzburg": 919.2079529187178, "Warsaw": 1781.8072133568003}, "Salzburg": {"Bremen": 1838.4884860708025, "Dresden": 923.8105412748591, "Madrid": 3915.2574832210253, "Marseille": 1806.2746893239291, "Milan": 903.9624133363872, "Naples": 1790.8571214498288, "Paris": 1836.9823246035971, "Rotterdam": 1876.8628836501248, "Saarbr\u00fccken": 942.5965754757901, "Salzburg": 0.0, "Warsaw": 1788.1512532485292}, "Warsaw": {"Bremen": 1848.1065613485687, "Dresden": 916.1789731480706, "Madrid": 5771.495318143289, "Marseille": 3637.7097644184596, "Milan": 2745.3444136337575, "Naples": 3608.167273746458, "Paris": 2735.616933932586, "Rotterdam": 1854.3899973696161, "Saarbr\u00fccken": 1884.8745769980621, "Salzburg": 1838.60671444176, "Warsaw": 0.0}}