{"Bremen": {"Bremen": 0.0, "Dresden": 279.9264299744684, "Madrid": 1126.5264341231552, "Marseille": 646.5074059368353, "Milan": 504.4736323964692, "Naples": 696.7944832350452, "Paris": 432.05420306262863, "Rotterdam": 279.84238608560076, "Saarbr\u00fccken": 320.3678318516995, "Salzburg": 434.0216343524101, "Warsaw": 434.7303018690035}, "Dresden": {"Bremen": 237.13083637705859, "Dresden": 0.0, "Madrid": 1141.4745531052074, "Marseille": 666.2608654563041, "Milan": 458.653096936945, "Naples": 614.5040624977812, "Paris": 434.7773606547449, "Rotterdam": 255.79507376558016, "Saarbr\u00fccken": 283.48241963844345, "Salzburg": 246.98754677343385, "Warsaw": 192.49094188418906}, "Madrid": {"Bremen": 1274.8921758055603, "Dresden": 1284.118352134246, "Madrid": 0.0, "Marseille": 522.7656294702116, "Milan": 796.6783949458709, "Naples": 992.7641696773426, "Paris": 780.4277432716318, "Rotterdam": 1026.8522198788814, "Saarbr\u00fccken": 1063.815167864631, "Salzburg": 1018.7477816221258, "Warsaw": 1432.676347527395}, "Marseille": {"Bremen": 726.1302056907092, "Dresden": 731.9283499043884, "Madrid": 481.32550186128634, "Marseille": 0.0, "Milan": 254.31836199133357, "Naples": 400.41226011466773, "Paris": 239.55024050457882, "Rotterdam": 482.0272645583274, "Saarbr\u00fccken": 524.4349886285387, "Salzburg": 483.49363799482023, "Warsaw": 834.4941010299431}, "Milan": {"Bremen": 501.87785962828696, "Dresden": 483.29880740966144, "Madrid": 701.3474784840989, "Marseille": 237.9190851486355, "Milan": 0.0, "Naples": 244.65501861026118, "Paris": 410.1333672571119, "Rotterdam": 515.2808383537025, "Saarbr\u00fccken": 280.6959613482539, "Salzburg": 224.16450727133738, "Warsaw": 645.540358566446}, "Naples": {"Bremen": 668.9249634973745, "Dresden": 690.3982021377011, "Madrid": 795.1344610092113, "Marseille": 402.45026789470154, "Milan": 221.76460078154105, "Naples": 0.0, "Paris": 635.8767454890568, "Rotterdam": 662.8366102274392, "Saarbr\u00fccken": 481.68114230959907, "Salzburg": 403.27262602257446, "Warsaw": 804.1251860817919}, "Paris": {"Bremen": 467.28285767512256, "Dresden": 462.1347471622398, "Madrid": 673.2013158605622, "Marseille": 214.51566301433084, "Milan": 443.81636892327174, "Naples": 615.0868486351246, "Paris": 0.0, "Rotterdam": 301.28246473270536, "Saarbr\u00fccken": 286.3960384499339, "Salzburg": 415.2044785236576, "Warsaw": 599.4005722413858}, "Rotterdam": {"Bremen": 239.85799582290102, "Dresden": 255.7643689080308, "Madrid": 955.437014001541, "Marseille": 459.9162027990353, "Milan": 484.90410529064394, "Naples": 663.6029563983684, "Paris": 244.37077849014682, "Rotterdam": 0.0, "Saarbr\u00fccken": 290.8961920151194, "Salzburg": 449.55215932481224, "Warsaw": 397.76814009354456}, "Saarbr\u00fccken": {"Bremen": 249.92235166789152, "Dresden": 261.87344094762744, "Madrid": 928.1158651485712, "Marseille": 466.91595775612745, "Milan": 259.09197920966824, "Naples": 439.6512282403079, "Paris": 235.906374163789, "Rotterdam": 278.64579974231617, "Saarbr\u00fccken": 0.0, "Salzburg": 224.53639417700353, "Warsaw": 418.5133758149851}, "Salzburg": {"Bremen": 462.68857424200536, "Dresden": 276.0257200643229, "Madrid": 918.0920822331213, "Marseille": 443.60631282089105, "Milan": 234.63916601915957, "Naples": 404.5739764786467, "Paris": 421.3010970647315, "Rotterdam": 481.2678584705587, "Saarbr\u00fccken": 297.8155865375895, "Salzburg": 0.0, "Warsaw": 431.74649866504996}, "Warsaw": {"Bremen": 489.7938318982346, "Dresden": 254.67730824611635, "Madrid": 1308.397953611681, "Marseille": 818.5465304827657, "Milan": 722.002639350707, "Naples": 876.2579039175768, "Paris": 684.5038134184293, "Rotterdam": 534.7501959838905, "Saarbr\u00fccken": 554.9514424559475, "Salzburg": 452.68900228288084, "Warsaw": 0.0}}