{"Bremen": {"Bremen": 0.0, "Dresden": 877.7506376511842, "Madrid": 4521.49500747577, "Marseille": 2477.751662524016, "Milan": 1720.5224669041902, "Naples": 2490.5026058262006, "Paris": 1667.9355539304916, "Rotterdam": 875.5059968524276, "Saarbr\u00fccken": 851.2098106090059, "Salzburg": 1674.269395792279, "Warsaw": 1662.289328285609}, "Dresden": {"Bremen": 836.5236915610528, "Dresden": 0.0, "Madrid": 4534.46037590933, "Marseille": 2467.584960169433, "Milan": 1668.7284501628915, "Naples": 2449.3108880165178, "Paris": 1657.882218083071, "Rotterdam": 837.7736215433289, "Saarbr\u00fccken": 847.6953438163019, "Salzburg": 858.6217805844075, "Warsaw": 789.9826860057057}, "Madrid": {"Bremen": 4630.6527579277345, "Dresden": 4652.9670208091575, "Madrid": 0.0, "Marseille": 2155.9071792804248, "Milan": 2964.5346438440965, "Naples": 3756.3445631198006, "Paris": 2972.248121344601, "Rotterdam": 3819.332055497933, "Saarbr\u00fccken": 3780.4905861767425, "Salzburg": 3783.607658687859, "Warsaw": 5419.686723620141}, "Marseille": {"Bremen": 2502.4268846681484, "Dresden": 2509.789437690717, "Madrid": 2070.343114133757, "Marseille": 0.0, "Milan": 862.1662774625263, "Naples": 1647.2504204919735, "Paris": 835.702917701758, "Rotterdam": 1677.7166363150154, "Saarbr\u00fccken": 1694.8709593589833, "Salzburg": 1666.8214113264385, "Warsaw": 3263.8357048263338}, "Milan": {"Bremen": 1689.7953625797925, "Dresden": 1687.4640541029064, "Madrid": 2882.034791932894, "Marseille": 829.2683377470809, "Milan": 0.0, "Naples": 844.5330096684422, "Paris": 1652.0581036554593, "Rotterdam": 1698.432658311783, "Saarbr\u00fccken": 858.5260725900885, "Salzburg": 835.9509710572222, "Warsaw": 2438.545178200664}, "Naples": {"Bremen": 2522.363060602438, "Dresden": 2500.539912959523, "Madrid": 3693.1964085760424, "Marseille": 1644.817433605239, "Milan": 858.3501705621298, "Naples": 0.0, "Paris": 2466.512807332013, "Rotterdam": 2529.1368776573227, "Saarbr\u00fccken": 1678.5058441906833, "Salzburg": 1656.6452264371335, "Warsaw": 3271.879068799345}, "Paris": {"Bremen": 1671.486085897608, "Dresden": 1675.1666152410762, "Madrid": 2903.586869460508, "Marseille": 828.3525442125834, "Milan": 1640.2812481158048, "Naples": 2461.047072009552, "Paris": 0.0, "Rotterdam": 841.0934561468936, "Saarbr\u00fccken": 865.0912039169656, "Salzburg": 1666.872425971936, "Warsaw": 2451.5044410278742}, "Rotterdam": {"Bremen": 835.8482213840588, "Dresden": 850.3574566428451, "Madrid": 3730.0461796854215, "Marseille": 1653.7920437259772, "Milan": 1689.698584560057, "Naples": 2472.801260903882, "Paris": 847.4707674817713, "Rotterdam": 0.0, "Saarbr\u00fccken": 858.5169497101285, "Salzburg": 1694.212868014529, "Warsaw": 1636.925329322179}, "Saarbr\u00fccken": {"Bremen": 842.4682043888927, "Dresden": 880.9946612670622, "Madrid": 3706.2225618922203, "Marseille": 1666.402287608202, "Milan": 865.4159170890732, "Naples": 1637.040392974205, "Paris": 863.7318804065868, "Rotterdam": 861.6401224890818, "Saarbr\u00fccken": 0.0, "Salzburg": 853.4550340169695, "Warsaw": 1639.6292882588784}, "Salzburg": {"Bremen": 1689.7867708925442, "Dresden": 876.3438401321129, "Madrid": 3694.5543642069415, "Marseille": 1656.9172934409958, "Milan": 848.6571809032467, "Naples": 1629.5262892821395, "Paris": 1716.2526364989199, "Rotterdam": 1680.4952909445328, "Saarbr\u00fccken": 862.1560123537995, "Salzburg": 0.0, "Warsaw": 1629.9552714179556}, "Warsaw": {"Bremen": 1690.4360768845995, "Dresden": 852.6151180181479, "Madrid": 5353.9647331801025, "Marseille": 3315.586283953526, "Milan": 2519.3205381679404, "Naples": 3282.0102765028096, "Paris": 2499.868515078756, "Rotterdam": 1670.299347468772, "Saarbr\u00fccken": 1719.5783838404125, "Salzburg": 1676.6914412231413, "Warsaw": 0.0}}