{"Bremen": {"Bremen": 0.0, "Dresden": 408.027644617283, "Madrid": 2580.6009668407223, "Marseille": 1482.9780831130586, "Milan": 1016.4831795558932, "Naples": 2045.1632422184573, "Paris": 958.3917132281375, "Rotterdam": 484.4834689749546, "Saarbr\u00fccken": 501.6268370424263, "Salzburg": 984.9343338658883, "Warsaw": 909.2052500793081}, "Dresden": {"Bremen": 501.2796247514628, "Dresden": 0.0, "Madrid": 2543.4791417066854, "Marseille": 1476.270292036577, "Milan": 1020.4048069391387, "Naples": 2040.6904495976223, "Paris": 964.3302786840887, "Rotterdam": 472.5559539333237, "Saarbr\u00fccken": 507.6505050779286, "Salzburg": 441.995497856478, "Warsaw": 343.18200525952614}, "Madrid": {"Bremen": 2714.4967587005535, "Dresden": 2606.6748328097874, "Madrid": 0.0, "Marseille": 913.3772992930034, "Milan": 2082.8547961273725, "Naples": 2587.310930955042, "Paris": 1527.160743727442, "Rotterdam": 2149.810586329583, "Saarbr\u00fccken": 2159.6374065344235, "Salzburg": 2605.5301066125203, "Warsaw": 3619.567858549164}, "Marseille": {"Bremen": 1593.847284594209, "Dresden": 1531.610125054471, "Madrid": 909.2513228830417, "Marseille": 0.0, "Milan": 456.5371279012802, "Naples": 973.4326133482895, "Paris": 384.0167121890186, "Rotterdam": 1050.4136966990163, "Saarbr\u00fccken": 1058.0871507634367, "Salzburg": 996.0962572572598, "Warsaw": 2547.124956717535}, "Milan": {"Bremen": 1066.912296611072, "Dresden": 995.5876557087914, "Madrid": 2010.1921324753062, "Marseille": 346.02987026963876, "Milan": 0.0, "Naples": 369.7138435489609, "Paris": 958.2219867045683, "Rotterdam": 1050.1139240486814, "Saarbr\u00fccken": 494.62145755296575, "Salzburg": 438.0091798167683, "Warsaw": 1470.552445899348}, "Naples": {"Bremen": 2149.6929589357314, "Dresden": 2038.7824769895929, "Madrid": 2556.5508069656057, "Marseille": 953.7765314260239, "Milan": 501.0976921541209, "Naples": 0.0, "Paris": 2030.9183326017308, "Rotterdam": 2121.384085160373, "Saarbr\u00fccken": 1596.3374132151996, "Salzburg": 1008.3002744975249, "Warsaw": 2527.795109186308}, "Paris": {"Bremen": 1056.3931015370786, "Dresden": 997.1367986018273, "Madrid": 1457.3092189329848, "Marseille": 346.7485535764297, "Milan": 1006.9531399926658, "Naples": 2023.6111246566556, "Paris": 0.0, "Rotterdam": 467.7613559255105, "Saarbr\u00fccken": 477.0312222743391, "Salzburg": 998.6612416082272, "Warsaw": 2010.697992452884}, "Rotterdam": {"Bremen": 505.4369182202855, "Dresden": 409.65061200673813, "Madrid": 2032.3179068609447, "Marseille": 918.9521447030684, "Milan": 1035.9786413972465, "Naples": 2037.8462917611107, "Paris": 378.6745672668213, "Rotterdam": 0.0, "Saarbr\u00fccken": 520.4894026849792, "Salzburg": 988.9161752873588, "Warsaw": 1468.61968172807}, "Saarbr\u00fccken": {"Bremen": 499.0255183557789, "Dresden": 421.19124253894375, "Madrid": 2026.8422141191386, "Marseille": 915.8394469329858, "Milan": 452.32668627158836, "Naples": 1513.2371462399697, "Paris": 375.04868766401347, "Rotterdam": 499.4468876027344, "Saarbr\u00fccken": 0.0, "Salzburg": 400.8775165299679, "Warsaw": 1462.0716395939826}, "Salzburg": {"Bremen": 1052.5056457227777, "Dresden": 433.0828682138183, "Madrid": 2565.3220559773276, "Marseille": 930.9833394297511, "Milan": 463.7477435650972, "Naples": 983.6641440079885, "Paris": 968.5672810638835, "Rotterdam": 1045.8703311516485, "Saarbr\u00fccken": 500.5492413797115, "Salzburg": 0.0, "Warsaw": 910.6580128053055}, "Warsaw": {"Bremen": 1057.4738772558649, "Dresden": 421.2777522956354, "Madrid": 3657.5185102094683, "Marseille": 2547.3813340532834, "Milan": 1564.458554856688, "Naples": 2546.480069936168, "Paris": 2038.162151905943, "Rotterdam": 1611.3237052442569, "Saarbr\u00fccken": 1617.220105931785, "Salzburg": 1005.1271837072795, "Warsaw": 0.0}}