{"Bremen": {"Bremen": 0.0, "Dresden": 237.18265305601548, "Madrid": 1565.5642515287361, "Marseille": 904.3848748574629, "Milan": 633.3559201210527, "Naples": 1254.894640866592, "Paris": 587.9814063531767, "Rotterdam": 300.62961305500653, "Saarbr\u00fccken": 315.286082788663, "Salzburg": 610.4598349836818, "Warsaw": 556.526000116555}, "Dresden": {"Bremen": 303.78226305441257, "Dresden": 0.0, "Madrid": 1572.3339746678425, "Marseille": 900.1869327846407, "Milan": 622.5651867049824, "Naples": 1277.3775788937635, "Paris": 589.9300989261168, "Rotterdam": 302.83105391723245, "Saarbr\u00fccken": 316.83286272840314, "Salzburg": 258.0509401400813, "Warsaw": 211.61892384782152}, "Madrid": {"Bremen": 1665.9301247422018, "Dresden": 1594.0637988726314, "Madrid": 0.0, "Marseille": 561.9282990523395, "Milan": 1286.9521715045407, "Naples": 1591.7348265356266, "Paris": 923.4130779606868, "Rotterdam": 1311.2526954868445, "Saarbr\u00fccken": 1320.269233383439, "Salzburg": 1607.1607832285717, "Warsaw": 2226.9905125496184}, "Marseille": {"Bremen": 993.1551985459364, "Dresden": 934.7408367703314, "Madrid": 550.7659232632576, "Marseille": 0.0, "Milan": 273.3287285595775, "Naples": 600.7580357374815, "Paris": 223.30825928577457, "Rotterdam": 624.6208047308847, "Saarbr\u00fccken": 640.4765526584589, "Salzburg": 614.7387584245708, "Warsaw": 1566.6347696195799}, "Milan": {"Bremen": 645.5156539696358, "Dresden": 611.3304317634678, "Madrid": 1236.3359073161414, "Marseille": 211.22652194761812, "Milan": 0.0, "Naples": 241.30371045060446, "Paris": 589.0298251405034, "Rotterdam": 634.8034188225346, "Saarbr\u00fccken": 311.9502851196381, "Salzburg": 275.69959908989426, "Warsaw": 905.6353834973793}, "Naples": {"Bremen": 1322.0613208804284, "Dresden": 1269.456138870363, "Madrid": 1552.9315128412263, "Marseille": 565.5092896505852, "Milan": 276.0687874266824, "Naples": 0.0, "Paris": 1303.3267651361273, "Rotterdam": 1323.7099015405256, "Saarbr\u00fccken": 983.1821956482192, "Salzburg": 610.8327158936044, "Warsaw": 1591.9488023891365}, "Paris": {"Bremen": 646.2836220093149, "Dresden": 604.2124954228445, "Madrid": 890.207011637047, "Marseille": 215.85834167758094, "Milan": 624.1479518964965, "Naples": 1310.0349962583166, "Paris": 0.0, "Rotterdam": 309.2709285036692, "Saarbr\u00fccken": 312.2091930404682, "Salzburg": 612.3116294420039, "Warsaw": 1230.5045521347854}, "Rotterdam": {"Bremen": 316.0877442634615, "Dresden": 251.19129822559196, "Madrid": 1231.542515665432, "Marseille": 564.2866277574774, "Milan": 620.7877475873813, "Naples": 1274.0178531234892, "Paris": 220.34995187762772, "Rotterdam": 0.0, "Saarbr\u00fccken": 318.82498713153944, "Salzburg": 619.2444726663457, "Warsaw": 904.7391592682274}, "Saarbr\u00fccken": {"Bremen": 311.1027853560557, "Dresden": 247.92847941277375, "Madrid": 1242.0065331445664, "Marseille": 564.4925994422647, "Milan": 295.4877260381766, "Naples": 927.0137058281058, "Paris": 235.82787180820776, "Rotterdam": 297.3865547978479, "Saarbr\u00fccken": 0.0, "Salzburg": 251.15321398696972, "Warsaw": 898.532180052703}, "Salzburg": {"Bremen": 648.2369131857309, "Dresden": 242.8899421424558, "Madrid": 1572.1852985921876, "Marseille": 560.5779815295103, "Milan": 286.3445336229423, "Naples": 588.9492713858632, "Paris": 596.1025781127031, "Rotterdam": 631.923800213336, "Saarbr\u00fccken": 310.6181537518706, "Salzburg": 0.0, "Warsaw": 560.566429261697}, "Warsaw": {"Bremen": 641.937743182407, "Dresden": 266.5649581698864, "Madrid": 2227.1478594327514, "Marseille": 1568.1478908781312, "Milan": 956.7407531551489, "Naples": 1608.818574608959, "Paris": 1257.965096342798, "Rotterdam": 970.0452206148486, "Saarbr\u00fccken": 1007.2352345713265, "Salzburg": 607.462246921355, "Warsaw": 0.0}}