{"Bremen": {"Bremen": 0.0, "Dresden": 1024.805181617315, "Madrid": 5118.870266835831, "Marseille": 2896.4994003827096, "Milan": 1971.50072626062, "Naples": 2930.325136032632, "Paris": 1930.0719543264934, "Rotterdam": 999.4874285415626, "Saarbr\u00fccken": 1021.2665984896831, "Salzburg": 1967.246160610422, "Warsaw": 1947.789111978375}, "Dresden": {"Bremen": 987.184472580276, "Dresden": 0.0, "Madrid": 5143.5297883500925, "Marseille": 2891.9380347352712, "Milan": 1936.5795319306758, "Naples": 2899.677044326953, "Paris": 1963.2608044799183, "Rotterdam": 996.3770688774141, "Saarbr\u00fccken": 1038.2050074937001, "Salzburg": 968.4281136564549, "Warsaw": 924.4025035192985}, "Madrid": {"Bremen": 5226.988008335182, "Dresden": 5224.65931386342, "Madrid": 0.0, "Marseille": 2227.322424182547, "Milan": 3249.3842835048767, "Naples": 4169.127824531006, "Paris": 3204.266439399293, "Rotterdam": 4236.386499264929, "Saarbr\u00fccken": 4251.854572892794, "Salzburg": 4239.329234900221, "Warsaw": 6163.106225782948}, "Marseille": {"Bremen": 2952.7007051523265, "Dresden": 2943.3765419835822, "Madrid": 2226.8247183464514, "Marseille": 0.0, "Milan": 973.6833343331665, "Naples": 1922.2622472898438, "Paris": 967.438245233286, "Rotterdam": 1952.2375769158457, "Saarbr\u00fccken": 1984.551737145949, "Salzburg": 1947.12947240121, "Warsaw": 3868.8440531566703}, "Milan": {"Bremen": 2011.5725182437634, "Dresden": 1969.9091187124188, "Madrid": 3174.4664491615963, "Marseille": 947.3518344989242, "Milan": 0.0, "Naples": 964.2484707636354, "Paris": 1935.651224589978, "Rotterdam": 1992.0773736699764, "Saarbr\u00fccken": 1022.3754961747375, "Salzburg": 966.7558341672751, "Warsaw": 2893.115095743448}, "Naples": {"Bremen": 2980.787402479002, "Dresden": 2949.299547754777, "Madrid": 4153.630049626976, "Marseille": 1933.3835938710847, "Milan": 941.1560176693224, "Naples": 0.0, "Paris": 2906.2719453075465, "Rotterdam": 2984.841848871673, "Saarbr\u00fccken": 1986.3978287175187, "Salzburg": 1938.876151281455, "Warsaw": 3868.8048597626707}, "Paris": {"Bremen": 1967.3485300638702, "Dresden": 1995.8332268665058, "Madrid": 3181.344720364984, "Marseille": 937.4863859452835, "Milan": 1942.7917931999677, "Naples": 2903.55370474119, "Paris": 0.0, "Rotterdam": 985.0299030060331, "Saarbr\u00fccken": 1030.2087562648246, "Salzburg": 1979.9940170292405, "Warsaw": 2911.226663979133}, "Rotterdam": {"Bremen": 990.3453274254783, "Dresden": 1013.4590226815434, "Madrid": 4140.44197915591, "Marseille": 1905.9414742544304, "Milan": 1971.8013721850218, "Naples": 2915.409999913862, "Paris": 960.4795056587254, "Rotterdam": 0.0, "Saarbr\u00fccken": 1020.9335102860131, "Salzburg": 1975.209319722102, "Warsaw": 1939.1430329785394}, "Saarbr\u00fccken": {"Bremen": 983.4862000319293, "Dresden": 1024.9508579488695, "Madrid": 4135.012275792304, "Marseille": 1930.4457439048188, "Milan": 960.3593316956396, "Naples": 1911.9311616430514, "Paris": 965.8166900151089, "Rotterdam": 1010.6466697054061, "Saarbr\u00fccken": 0.0, "Salzburg": 974.362071556668, "Warsaw": 1928.4276253984026}, "Salzburg": {"Bremen": 2009.489871489856, "Dresden": 1024.3818357047728, "Madrid": 4178.534740083083, "Marseille": 1934.0548904037685, "Milan": 969.0369178178726, "Naples": 1925.426688446596, "Paris": 1974.0638543015896, "Rotterdam": 2015.7082410918563, "Saarbr\u00fccken": 1029.5650878829333, "Salzburg": 0.0, "Warsaw": 1945.5811276532183}, "Warsaw": {"Bremen": 2013.161452069861, "Dresden": 1004.6805903181482, "Madrid": 6155.989362259492, "Marseille": 3911.2290069139435, "Milan": 2937.5720757646704, "Naples": 3890.8048568337313, "Paris": 2960.730473702064, "Rotterdam": 2001.551357247988, "Saarbr\u00fccken": 2042.5732744070192, "Salzburg": 1974.1205936867786, "Warsaw": 0.0}}