{"Bremen": {"Bremen": 0.0, "Dresden": 928.4383146803523, "Madrid": 4873.749051021401, "Marseille": 2743.6686947057547, "Milan": 1872.7641474395527, "Naples": 2750.715604375395, "Paris": 1845.7085346356162, "Rotterdam": 940.45043718862, "Saarbr\u00fccken": 954.1054165506381, "Salzburg": 1825.1080508824373, "Warsaw": 1803.143372314061}, "Dresden": {"Bremen": 939.7277881352298, "Dresden": 0.0, "Madrid": 4863.060630512423, "Marseille": 2725.232036683831, "Milan": 1820.1315071542933, "Naples": 2706.6109135982692, "Paris": 1846.1314668281366, "Rotterdam": 946.9844735061752, "Saarbr\u00fccken": 959.5550036660441, "Salzburg": 906.0103462365748, "Warsaw": 880.894392827748}, "Madrid": {"Bremen": 4980.869917819081, "Dresden": 4973.193723995072, "Madrid": 0.0, "Marseille": 2203.6051979008075, "Milan": 3117.030070759464, "Naples": 4014.06627169646, "Paris": 3114.2229248299554, "Rotterdam": 4044.2597841014235, "Saarbr\u00fccken": 4090.166363145821, "Salzburg": 4033.7147333926264, "Warsaw": 5808.37574750788}, "Marseille": {"Bremen": 2775.6370955239236, "Dresden": 2771.6950822920553, "Madrid": 2149.692830528191, "Marseille": 0.0, "Milan": 923.6056690224545, "Naples": 1813.0860011321017, "Paris": 928.6117051304498, "Rotterdam": 1859.6883241069854, "Saarbr\u00fccken": 1880.1929788651803, "Salzburg": 1831.2987139954648, "Warsaw": 3619.1626060678827}, "Milan": {"Bremen": 1870.3952761004387, "Dresden": 1847.6217947659545, "Madrid": 3040.1752970325683, "Marseille": 903.5591921666828, "Milan": 0.0, "Naples": 881.0427427203311, "Paris": 1815.4046961858223, "Rotterdam": 1883.5927588248683, "Saarbr\u00fccken": 939.3588603779457, "Salzburg": 910.5417986890802, "Warsaw": 2703.3685959163163}, "Naples": {"Bremen": 2795.911447679613, "Dresden": 2788.54974337017, "Madrid": 3968.751348556565, "Marseille": 1821.1246430071756, "Milan": 925.6161064859027, "Naples": 0.0, "Paris": 2748.1578404252355, "Rotterdam": 2809.41217034365, "Saarbr\u00fccken": 1864.1932263698343, "Salzburg": 1834.367604913305, "Warsaw": 3631.0529386463563}, "Paris": {"Bremen": 1865.0087779714138, "Dresden": 1860.3379828260956, "Madrid": 3026.736497074367, "Marseille": 901.0792249317243, "Milan": 1835.9154857356268, "Naples": 2710.8094978285285, "Paris": 0.0, "Rotterdam": 945.2917942242092, "Saarbr\u00fccken": 959.6153317771248, "Salzburg": 1842.7411277858523, "Warsaw": 2724.987196724671}, "Rotterdam": {"Bremen": 944.3977668235865, "Dresden": 939.7714954681709, "Madrid": 3921.5353726327176, "Marseille": 1810.9343227657644, "Milan": 1861.4168955908283, "Naples": 2738.8850376107503, "Paris": 934.1950215101483, "Rotterdam": 0.0, "Saarbr\u00fccken": 938.1083171155924, "Salzburg": 1842.512189026561, "Warsaw": 1788.1670092459615}, "Saarbr\u00fccken": {"Bremen": 949.1232608813455, "Dresden": 929.8046744831258, "Madrid": 3935.2644801245438, "Marseille": 1819.6736203374348, "Milan": 929.1821935131339, "Naples": 1821.7634106502164, "Paris": 931.2175782259301, "Rotterdam": 943.1714937505109, "Saarbr\u00fccken": 0.0, "Salzburg": 918.4307063967926, "Warsaw": 1805.709475991301}, "Salzburg": {"Bremen": 1854.9044102799564, "Dresden": 922.7727986515594, "Madrid": 3971.397176501848, "Marseille": 1827.7091443826625, "Milan": 918.1722226365864, "Naples": 1812.808742943568, "Paris": 1874.9478952585266, "Rotterdam": 1875.999406554807, "Saarbr\u00fccken": 948.9097917889633, "Salzburg": 0.0, "Warsaw": 1801.6536873054556}, "Warsaw": {"Bremen": 1859.1749253850144, "Dresden": 923.5304016051714, "Madrid": 5816.596229385027, "Marseille": 3655.4005726664786, "Milan": 2760.236040877503, "Naples": 3645.352677190362, "Paris": 2773.970411836298, "Rotterdam": 1864.475356226412, "Saarbr\u00fccken": 1883.183518882666, "Salzburg": 1835.5739190923532, "Warsaw": 0.0}}