{"Bremen": {"Bremen": 0.0, "Dresden": 369.12613546195666, "Madrid": 1619.3968919706085, "Marseille": 966.9848183605129, "Milan": 699.707678128697, "Naples": 951.2599204567233, "Paris": 666.2476380699605, "Rotterdam": 366.5394626135208, "Saarbr\u00fccken": 393.2216423195843, "Salzburg": 661.7295021084217, "Warsaw": 603.9448890804432}, "Dresden": {"Bremen": 370.08331156543466, "Dresden": 0.0, "Madrid": 1591.6763067968614, "Marseille": 935.4996635590986, "Milan": 637.5917246486504, "Naples": 901.6453903694314, "Paris": 663.8911034673553, "Rotterdam": 345.1665020526684, "Saarbr\u00fccken": 382.1980920361398, "Salzburg": 323.8240488531334, "Warsaw": 255.80344122970376}, "Madrid": {"Bremen": 1727.3492812188042, "Dresden": 1702.1740927607636, "Madrid": 0.0, "Marseille": 709.6339027329292, "Milan": 1062.2251181304882, "Naples": 1318.7379971315531, "Paris": 1033.701054703497, "Rotterdam": 1389.2875558707672, "Saarbr\u00fccken": 1416.5442031133616, "Salzburg": 1359.0684433717688, "Warsaw": 1932.7062240575622}, "Marseille": {"Bremen": 1007.7842890478657, "Dresden": 983.4361592482738, "Madrid": 671.7812728882368, "Marseille": 0.0, "Milan": 340.63666034700685, "Naples": 597.5263151657571, "Paris": 316.54549170015855, "Rotterdam": 662.7715469042482, "Saarbr\u00fccken": 692.2590878913618, "Salzburg": 638.3583082017935, "Warsaw": 1217.1694349470154}, "Milan": {"Bremen": 708.4290319922214, "Dresden": 668.853424525941, "Madrid": 966.6839301782787, "Marseille": 318.2121110842129, "Milan": 0.0, "Naples": 278.42715028133057, "Paris": 634.4507403039376, "Rotterdam": 700.2418310185245, "Saarbr\u00fccken": 366.71943066161566, "Salzburg": 326.80111949519625, "Warsaw": 899.6099390902265}, "Naples": {"Bremen": 1013.0476437257171, "Dresden": 992.9597635900552, "Madrid": 1293.764595433993, "Marseille": 636.8593371688352, "Milan": 352.76643138846606, "Naples": 0.0, "Paris": 1047.111592328173, "Rotterdam": 1024.5426689881042, "Saarbr\u00fccken": 677.6096340601131, "Salzburg": 646.334029117145, "Warsaw": 1297.8350557349793}, "Paris": {"Bremen": 693.4455492015097, "Dresden": 709.2586949139151, "Madrid": 965.8294788130862, "Marseille": 310.3759294798157, "Milan": 671.9963048853733, "Naples": 997.0516131266669, "Paris": 0.0, "Rotterdam": 348.7337479384941, "Saarbr\u00fccken": 377.16011161463143, "Salzburg": 670.8592491454007, "Warsaw": 938.6322472275245}, "Rotterdam": {"Bremen": 346.9595622174338, "Dresden": 358.74064440227113, "Madrid": 1272.3432854787984, "Marseille": 613.4427942782419, "Milan": 708.5433136400981, "Naples": 974.8664755564864, "Paris": 335.79724435223994, "Rotterdam": 0.0, "Saarbr\u00fccken": 386.79033730413107, "Salzburg": 675.5631309071789, "Warsaw": 609.1909329495153}, "Saarbr\u00fccken": {"Bremen": 373.6515869009142, "Dresden": 363.9445408766482, "Madrid": 1274.1469384878371, "Marseille": 627.0441771298259, "Milan": 341.00105293897064, "Naples": 593.4453940909027, "Paris": 340.8023913455967, "Rotterdam": 350.74845069492125, "Saarbr\u00fccken": 0.0, "Salzburg": 299.068799316218, "Warsaw": 601.0447995326078}, "Salzburg": {"Bremen": 707.7259479481068, "Dresden": 370.4317431617294, "Madrid": 1286.0727476637246, "Marseille": 634.7752634760005, "Milan": 353.02139317365396, "Naples": 600.3403819614225, "Paris": 688.8248034982563, "Rotterdam": 705.0673288124435, "Saarbr\u00fccken": 366.53785759940075, "Salzburg": 0.0, "Warsaw": 607.7727989005874}, "Warsaw": {"Bremen": 688.2677509848818, "Dresden": 347.0052962151618, "Madrid": 1944.577265076089, "Marseille": 1296.0742585940097, "Milan": 978.6591352583289, "Naples": 1289.0568384732258, "Paris": 1017.6768383867017, "Rotterdam": 704.8912672758656, "Saarbr\u00fccken": 723.1540964168515, "Salzburg": 655.5414252035616, "Warsaw": 0.0}}