{"Bremen": {"Bremen": 0.0, "Dresden": 825.3922994399669, "Madrid": 4461.392914783717, "Marseille": 2429.5391505787, "Milan": 1647.1868083068737, "Naples": 2422.2093391072285, "Paris": 1616.9595775882046, "Rotterdam": 838.4827273220627, "Saarbr\u00fccken": 842.6930248691921, "Salzburg": 1616.1319152958442, "Warsaw": 1581.7495415442588}, "Dresden": {"Bremen": 847.6095142659701, "Dresden": 0.0, "Madrid": 4437.72613903979, "Marseille": 2402.190878796162, "Milan": 1586.3241354290633, "Naples": 2374.830339083025, "Paris": 1621.9315171142755, "Rotterdam": 837.3762554142444, "Saarbr\u00fccken": 850.9873495748109, "Salzburg": 785.3967168669426, "Warsaw": 781.8549339903776}, "Madrid": {"Bremen": 4557.282187368829, "Dresden": 4573.6797715645735, "Madrid": 0.0, "Marseille": 2137.1900110742686, "Milan": 2964.7901283350493, "Naples": 3706.0389678671395, "Paris": 2932.7717437608408, "Rotterdam": 3730.301121903936, "Saarbr\u00fccken": 3786.0954500964176, "Salzburg": 3757.1932577061457, "Warsaw": 5296.561751875581}, "Marseille": {"Bremen": 2435.2560770732753, "Dresden": 2435.812509337788, "Madrid": 2036.1010493538756, "Marseille": 0.0, "Milan": 819.0830415762704, "Naples": 1577.655806728466, "Paris": 789.8764047276954, "Rotterdam": 1609.5840301490907, "Saarbr\u00fccken": 1638.142221649109, "Salzburg": 1591.010761947194, "Warsaw": 3168.8704819849945}, "Milan": {"Bremen": 1651.75445004561, "Dresden": 1643.0429104045706, "Madrid": 2833.008534026046, "Marseille": 809.2896890286012, "Milan": 0.0, "Naples": 745.9350936126398, "Paris": 1617.5799609664741, "Rotterdam": 1669.868386866986, "Saarbr\u00fccken": 829.7546443281223, "Salzburg": 786.3442857674238, "Warsaw": 2380.516525059636}, "Naples": {"Bremen": 2462.3461944518626, "Dresden": 2439.0781665764007, "Madrid": 3630.367242797297, "Marseille": 1610.1632178449213, "Milan": 841.5430422591122, "Naples": 0.0, "Paris": 2418.465370142347, "Rotterdam": 2480.994879315682, "Saarbr\u00fccken": 1640.252124383955, "Salzburg": 1603.9968252498, "Warsaw": 3165.4893596830684}, "Paris": {"Bremen": 1648.3765183169899, "Dresden": 1638.6019360894113, "Madrid": 2870.065558267909, "Marseille": 821.9165642789296, "Milan": 1624.2422961286231, "Naples": 2366.7708481378163, "Paris": 0.0, "Rotterdam": 821.2315273870944, "Saarbr\u00fccken": 843.4046348237118, "Salzburg": 1638.1315813518534, "Warsaw": 2385.8877692268447}, "Rotterdam": {"Bremen": 843.5012383545726, "Dresden": 840.7068448360656, "Madrid": 3652.5403283594915, "Marseille": 1610.9384086655798, "Milan": 1642.359015294653, "Naples": 2423.7719464777556, "Paris": 792.6644635494425, "Rotterdam": 0.0, "Saarbr\u00fccken": 848.7489309391229, "Salzburg": 1630.1836818468582, "Warsaw": 1582.4488352835026}, "Saarbr\u00fccken": {"Bremen": 830.8677237943546, "Dresden": 845.1453495401016, "Madrid": 3647.6967198226853, "Marseille": 1624.1739700903547, "Milan": 818.7190018748414, "Naples": 1587.9093283087718, "Paris": 803.1586517173714, "Rotterdam": 841.7671485251806, "Saarbr\u00fccken": 0.0, "Salzburg": 789.4191069237058, "Warsaw": 1576.3492636535107}, "Salzburg": {"Bremen": 1654.006253261143, "Dresden": 829.8937303745722, "Madrid": 3638.8517223215026, "Marseille": 1612.4967229584047, "Milan": 816.2975445216405, "Naples": 1581.1385705505556, "Paris": 1642.590812504773, "Rotterdam": 1644.536881549867, "Saarbr\u00fccken": 845.0279013752167, "Salzburg": 0.0, "Warsaw": 1592.436508427659}, "Warsaw": {"Bremen": 1671.5120815498599, "Dresden": 827.4923664337989, "Madrid": 5278.655599327484, "Marseille": 3229.556769667023, "Milan": 2409.646689488174, "Naples": 3198.3562605432535, "Paris": 2446.3914410128523, "Rotterdam": 1661.5013738718023, "Saarbr\u00fccken": 1690.2041532765186, "Salzburg": 1619.2992909166062, "Warsaw": 0.0}}