{"Bremen": {"Bremen": 0.0, "Dresden": 980.4294210322546, "Madrid": 5032.453622007713, "Marseille": 2878.949371265628, "Milan": 1956.5779723427547, "Naples": 2884.6887891483084, "Paris": 1931.4738627183829, "Rotterdam": 998.0468573812775, "Saarbr\u00fccken": 1015.0368850473369, "Salzburg": 1933.8246705474276, "Warsaw": 1890.5513277654277}, "Dresden": {"Bremen": 959.799908768708, "Dresden": 0.0, "Madrid": 5054.784054378175, "Marseille": 2872.2327001732683, "Milan": 1928.7799198754728, "Naples": 2844.0372939331323, "Paris": 1923.884781105288, "Rotterdam": 1000.1790200960494, "Saarbr\u00fccken": 1011.6862610013837, "Salzburg": 974.439393668924, "Warsaw": 905.8087459233553}, "Madrid": {"Bremen": 5154.2041519913155, "Dresden": 5154.886506341003, "Madrid": 0.0, "Marseille": 2255.603881198206, "Milan": 3244.840977658675, "Naples": 4162.1342977168, "Paris": 3199.2753990323718, "Rotterdam": 4205.130635567947, "Saarbr\u00fccken": 4207.240157924215, "Salzburg": 4177.723923665244, "Warsaw": 6054.353497271702}, "Marseille": {"Bremen": 2897.01644703894, "Dresden": 2887.300494770583, "Madrid": 2177.5258905193064, "Marseille": 0.0, "Milan": 962.9312375246178, "Naples": 1891.2203677439102, "Paris": 971.1933320496199, "Rotterdam": 1954.4283744332847, "Saarbr\u00fccken": 1955.5474527406504, "Salzburg": 1911.5975442116676, "Warsaw": 3784.160554495003}, "Milan": {"Bremen": 1948.869235538289, "Dresden": 1929.6158783120848, "Madrid": 3122.7840510072956, "Marseille": 948.2066681021054, "Milan": 0.0, "Naples": 911.19220059192, "Paris": 1919.6630994551165, "Rotterdam": 1974.6524884026976, "Saarbr\u00fccken": 1010.0809402023677, "Salzburg": 964.6822230247393, "Warsaw": 2817.1255894221367}, "Naples": {"Bremen": 2908.3654756943943, "Dresden": 2882.6993400287424, "Madrid": 4069.5288423075513, "Marseille": 1901.68564758607, "Milan": 965.9539319995226, "Naples": 0.0, "Paris": 2871.636407902541, "Rotterdam": 2933.5435584779107, "Saarbr\u00fccken": 1940.2278327152424, "Salzburg": 1899.2369542835281, "Warsaw": 3780.534485198446}, "Paris": {"Bremen": 1947.4553595381, "Dresden": 1955.27717618144, "Madrid": 3117.810340939281, "Marseille": 949.4110675861964, "Milan": 1920.3220864481448, "Naples": 2836.704937246535, "Paris": 0.0, "Rotterdam": 1001.5722944914455, "Saarbr\u00fccken": 1010.555214166933, "Salzburg": 1934.997235191582, "Warsaw": 2835.550167716825}, "Rotterdam": {"Bremen": 964.3867020037802, "Dresden": 986.2243687867903, "Madrid": 4078.8758457705894, "Marseille": 1891.0550599987585, "Milan": 1940.163761952668, "Naples": 2868.8178814491425, "Paris": 970.1995545217625, "Rotterdam": 0.0, "Saarbr\u00fccken": 1017.05521246437, "Salzburg": 1945.220285441827, "Warsaw": 1878.998822586556}, "Saarbr\u00fccken": {"Bremen": 967.1417154051136, "Dresden": 995.3229012428915, "Madrid": 4080.8252024668736, "Marseille": 1898.8751281029035, "Milan": 944.1061220024332, "Naples": 1880.5308308567487, "Paris": 958.3796784689863, "Rotterdam": 1004.2369867954535, "Saarbr\u00fccken": 0.0, "Salzburg": 975.4678331797629, "Warsaw": 1879.482973875382}, "Salzburg": {"Bremen": 1963.5913553710484, "Dresden": 989.1946326180677, "Madrid": 4077.261363752911, "Marseille": 1906.5649838684446, "Milan": 958.3738274757415, "Naples": 1885.6790917352039, "Paris": 1939.472112061513, "Rotterdam": 1966.5652217642037, "Saarbr\u00fccken": 1016.5935493889749, "Salzburg": 0.0, "Warsaw": 1868.1416499607049}, "Warsaw": {"Bremen": 1934.2170900078454, "Dresden": 986.9618729986939, "Madrid": 6057.630821655657, "Marseille": 3864.803144390818, "Milan": 2909.3475166868548, "Naples": 3810.311899675466, "Paris": 2905.1224469246345, "Rotterdam": 1971.118763750568, "Saarbr\u00fccken": 1968.6544586858959, "Salzburg": 1949.204555256904, "Warsaw": 0.0}}