{"Bremen": {"Bremen": 0.0, "Dresden": 319.5564385292965, "Madrid": 1347.0294583620991, "Marseille": 838.896886510359, "Milan": 567.7907497606856, "Naples": 796.6451468084033, "Paris": 561.1099434481064, "Rotterdam": 288.12862768602304, "Saarbr\u00fccken": 299.73779752027747, "Salzburg": 557.4854093435787, "Warsaw": 499.36500115671913}, "Dresden": {"Bremen": 315.28397309107316, "Dresden": 0.0, "Madrid": 1316.7584215568884, "Marseille": 807.3954584388841, "Milan": 552.4800633352808, "Naples": 778.4078472462278, "Paris": 549.0710866826906, "Rotterdam": 284.1591855823402, "Saarbr\u00fccken": 308.8269033892063, "Salzburg": 285.7464645197353, "Warsaw": 211.67830538441703}, "Madrid": {"Bremen": 1400.7223164912532, "Dresden": 1398.7663564752527, "Madrid": 0.0, "Marseille": 585.2369795306361, "Milan": 847.2069092211033, "Naples": 1080.0425832452609, "Paris": 860.5617966823161, "Rotterdam": 1131.5611086876638, "Saarbr\u00fccken": 1136.5823100860766, "Salzburg": 1111.2606099107572, "Warsaw": 1595.655737377946}, "Marseille": {"Bremen": 830.0471214774399, "Dresden": 829.7084772831635, "Madrid": 531.2549857983731, "Marseille": 0.0, "Milan": 288.1288700880043, "Naples": 514.229106685052, "Paris": 282.58091165722493, "Rotterdam": 554.2981954269645, "Saarbr\u00fccken": 572.5247348671489, "Salzburg": 542.2436670755731, "Warsaw": 1028.341647672761}, "Milan": {"Bremen": 593.2547983031186, "Dresden": 552.1714025490688, "Madrid": 784.5887356198438, "Marseille": 264.5278090242598, "Milan": 0.0, "Naples": 219.7422339091756, "Paris": 530.1084594824322, "Rotterdam": 585.1421452349509, "Saarbr\u00fccken": 286.76588722242894, "Salzburg": 280.414558264146, "Warsaw": 762.8683100085603}, "Naples": {"Bremen": 834.6381346310358, "Dresden": 822.4468337193281, "Madrid": 1067.8622076068473, "Marseille": 538.0954745305579, "Milan": 293.25844545252284, "Naples": 0.0, "Paris": 880.1723565484828, "Rotterdam": 845.5380417931474, "Saarbr\u00fccken": 568.3639097542433, "Salzburg": 540.9431543129315, "Warsaw": 1065.6877189393656}, "Paris": {"Bremen": 573.5266491733729, "Dresden": 576.0977118604492, "Madrid": 795.7363375530629, "Marseille": 280.4713460911019, "Milan": 534.3538969565457, "Naples": 817.7626102113991, "Paris": 0.0, "Rotterdam": 306.50108964351097, "Saarbr\u00fccken": 305.42006976581655, "Salzburg": 559.8769507285824, "Warsaw": 785.095251867808}, "Rotterdam": {"Bremen": 310.0967181717306, "Dresden": 298.4714817042658, "Madrid": 1053.878145573471, "Marseille": 542.913305770335, "Milan": 573.0067759349758, "Naples": 812.8396975533267, "Paris": 259.42187848505955, "Rotterdam": 0.0, "Saarbr\u00fccken": 304.36606823260115, "Salzburg": 559.2630480971276, "Warsaw": 499.70583203505333}, "Saarbr\u00fccken": {"Bremen": 310.82916620127907, "Dresden": 308.4396142852981, "Madrid": 1054.5789903280752, "Marseille": 536.9322471722364, "Milan": 295.5803168233044, "Naples": 507.9614465745026, "Paris": 283.89088791160003, "Rotterdam": 295.49605788342194, "Saarbr\u00fccken": 0.0, "Salzburg": 292.10026938632916, "Warsaw": 500.27084719284187}, "Salzburg": {"Bremen": 582.2722446186065, "Dresden": 297.9953425488572, "Madrid": 1056.5716286194245, "Marseille": 535.3250081569867, "Milan": 290.62371967058385, "Naples": 516.9101384685711, "Paris": 568.2121949465414, "Rotterdam": 574.084551811934, "Saarbr\u00fccken": 296.87563774430146, "Salzburg": 0.0, "Warsaw": 495.2298954960842}, "Warsaw": {"Bremen": 589.7460625630977, "Dresden": 306.8546974838216, "Madrid": 1601.9551382052468, "Marseille": 1085.146912312094, "Milan": 838.7033062564159, "Naples": 1091.652483181944, "Paris": 833.8649934655703, "Rotterdam": 576.5369300768599, "Saarbr\u00fccken": 591.8428573440741, "Salzburg": 560.0987313571302, "Warsaw": 0.0}}