{"Bremen": {"Bremen": 0.0, "Dresden": 888.7714623272745, "Madrid": 4696.183741598713, "Marseille": 2631.7465367009313, "Milan": 1785.3769420720757, "Naples": 2619.973382126463, "Paris": 1772.5993736064308, "Rotterdam": 917.651121145859, "Saarbr\u00fccken": 895.3938679548523, "Salzburg": 1754.5731868736057, "Warsaw": 1713.653887854296}, "Dresden": {"Bremen": 919.2396788903025, "Dresden": 0.0, "Madrid": 4673.775643550991, "Marseille": 2597.641719134086, "Milan": 1713.993827295831, "Naples": 2578.5863152859692, "Paris": 1765.4805940747879, "Rotterdam": 912.1526724205291, "Saarbr\u00fccken": 908.1600648695166, "Salzburg": 862.6939505192155, "Warsaw": 786.1437324453394}, "Madrid": {"Bremen": 4811.277978691597, "Dresden": 4824.319854861153, "Madrid": 0.0, "Marseille": 2140.80214349586, "Milan": 3033.82695467134, "Naples": 3879.898862017824, "Paris": 3017.216677650774, "Rotterdam": 3900.1245925771723, "Saarbr\u00fccken": 3977.8425088532967, "Salzburg": 3909.773087605122, "Warsaw": 5646.827083002291}, "Marseille": {"Bremen": 2663.2804279636725, "Dresden": 2640.537491937803, "Madrid": 2067.084185660566, "Marseille": 0.0, "Milan": 880.542669341442, "Naples": 1722.691868379858, "Paris": 891.0107036781984, "Rotterdam": 1773.3034880326084, "Saarbr\u00fccken": 1788.5748100098406, "Salzburg": 1722.6461223679466, "Warsaw": 3458.6362787057906}, "Milan": {"Bremen": 1795.557749418652, "Dresden": 1755.3214999018983, "Madrid": 2926.787566359684, "Marseille": 861.8518441997461, "Milan": 0.0, "Naples": 881.4806131279971, "Paris": 1733.9886737389752, "Rotterdam": 1804.0075662647275, "Saarbr\u00fccken": 885.0885240947239, "Salzburg": 857.9422141480626, "Warsaw": 2569.038822605315}, "Naples": {"Bremen": 2659.84678834131, "Dresden": 2639.205139070121, "Madrid": 3890.3297790993975, "Marseille": 1748.3101110178584, "Milan": 842.8514039879544, "Naples": 0.0, "Paris": 2616.1717691793883, "Rotterdam": 2650.381255200208, "Saarbr\u00fccken": 1766.1215012759621, "Salzburg": 1727.6447550939101, "Warsaw": 3469.4295012653542}, "Paris": {"Bremen": 1798.5826207627588, "Dresden": 1772.620858184015, "Madrid": 2919.03330912261, "Marseille": 852.0665863327276, "Milan": 1748.256185974765, "Naples": 2590.2250760614784, "Paris": 0.0, "Rotterdam": 940.3660532004991, "Saarbr\u00fccken": 908.2795863478177, "Salzburg": 1784.4949387843901, "Warsaw": 2585.7510122758586}, "Rotterdam": {"Bremen": 900.3091815808305, "Dresden": 899.5762361011405, "Madrid": 3792.013651037157, "Marseille": 1734.6568373241087, "Milan": 1775.113069739757, "Naples": 2618.2681224099188, "Paris": 870.413339038197, "Rotterdam": 0.0, "Saarbr\u00fccken": 900.5864065720224, "Salzburg": 1756.943878336624, "Warsaw": 1703.9653230346794}, "Saarbr\u00fccken": {"Bremen": 908.9393381801515, "Dresden": 878.0739400797721, "Madrid": 3831.1199660319767, "Marseille": 1749.6784590849188, "Milan": 880.1294680635934, "Naples": 1715.8036648035513, "Paris": 905.2906845963591, "Rotterdam": 917.029401396767, "Saarbr\u00fccken": 0.0, "Salzburg": 853.3409858435069, "Warsaw": 1697.423422943083}, "Salzburg": {"Bremen": 1785.8890234157834, "Dresden": 888.8101957416775, "Madrid": 3801.6938033140837, "Marseille": 1734.6442867718863, "Milan": 865.5234772542851, "Naples": 1710.2417566493525, "Paris": 1772.576085240476, "Rotterdam": 1799.766683553341, "Saarbr\u00fccken": 893.4095948917634, "Salzburg": 0.0, "Warsaw": 1740.8120811499698}, "Warsaw": {"Bremen": 1789.5985917903577, "Dresden": 861.8320434876728, "Madrid": 5611.008776929504, "Marseille": 3495.28352690408, "Milan": 2590.1236517509697, "Naples": 3452.052029544514, "Paris": 2654.4932661940807, "Rotterdam": 1789.598611491886, "Saarbr\u00fccken": 1782.3880798571438, "Salzburg": 1724.6204122691695, "Warsaw": 0.0}}