{"Bremen": {"Bremen": 0.0, "Dresden": 871.4700598405202, "Madrid": 4542.616980669885, "Marseille": 2487.99868379118, "Milan": 1701.7986402203398, "Naples": 2497.4993005782603, "Paris": 1672.6223324332143, "Rotterdam": 855.6574148561449, "Saarbr\u00fccken": 886.4553153530254, "Salzburg": 1686.75254985662, "Warsaw": 1649.636623167842}, "Dresden": {"Bremen": 858.5746041222869, "Dresden": 0.0, "Madrid": 4578.372120171978, "Marseille": 2503.5153245510937, "Milan": 1665.914756851365, "Naples": 2476.8288209706643, "Paris": 1681.8726211795229, "Rotterdam": 865.7898978079518, "Saarbr\u00fccken": 876.9513032845745, "Salzburg": 835.8305969385725, "Warsaw": 821.0500424796594}, "Madrid": {"Bremen": 4662.99030505388, "Dresden": 4654.021913535073, "Madrid": 0.0, "Marseille": 2210.5705672932145, "Milan": 2984.8130608492584, "Naples": 3796.063718013317, "Paris": 3045.561158734769, "Rotterdam": 3901.764107372389, "Saarbr\u00fccken": 3822.126364240971, "Salzburg": 3817.3260733250363, "Warsaw": 5438.250636068623}, "Marseille": {"Bremen": 2521.480444690172, "Dresden": 2504.9873010719434, "Madrid": 2074.160008524843, "Marseille": 0.0, "Milan": 837.86494036451, "Naples": 1659.6571529455719, "Paris": 847.0874588267872, "Rotterdam": 1695.966865740629, "Saarbr\u00fccken": 1667.124944127584, "Salzburg": 1673.8859691618081, "Warsaw": 3282.137266000617}, "Milan": {"Bremen": 1720.3997170928924, "Dresden": 1679.5413738693173, "Madrid": 2918.236107590504, "Marseille": 850.1042396726609, "Milan": 0.0, "Naples": 807.3640128244331, "Paris": 1672.2533775195843, "Rotterdam": 1722.0122804205, "Saarbr\u00fccken": 835.3328446252134, "Salzburg": 837.9660226961948, "Warsaw": 2460.0608836984215}, "Naples": {"Bremen": 2545.3349132178014, "Dresden": 2517.5521830677394, "Madrid": 3722.4684492012807, "Marseille": 1679.1205493401615, "Milan": 836.2227357794948, "Naples": 0.0, "Paris": 2517.11512361092, "Rotterdam": 2536.819684595527, "Saarbr\u00fccken": 1706.6805117924541, "Salzburg": 1659.2716880649, "Warsaw": 3305.6766875507255}, "Paris": {"Bremen": 1694.52695550194, "Dresden": 1701.632630928234, "Madrid": 2898.264749927681, "Marseille": 840.8824679445212, "Milan": 1685.6029489504733, "Naples": 2478.7423841375903, "Paris": 0.0, "Rotterdam": 886.9053082480228, "Saarbr\u00fccken": 885.2645361108791, "Salzburg": 1692.5779308358865, "Warsaw": 2480.05255580962}, "Rotterdam": {"Bremen": 848.837102858321, "Dresden": 857.4461394916499, "Madrid": 3725.5240863158556, "Marseille": 1676.9073433163894, "Milan": 1684.2390897025584, "Naples": 2506.0086482450724, "Paris": 855.4599168927579, "Rotterdam": 0.0, "Saarbr\u00fccken": 858.2664142327131, "Salzburg": 1671.8487186920154, "Warsaw": 1643.2117116313375}, "Saarbr\u00fccken": {"Bremen": 864.9585590085535, "Dresden": 830.6104896417959, "Madrid": 3739.34858292267, "Marseille": 1659.9320050391527, "Milan": 830.6015123156825, "Naples": 1659.2522067795162, "Paris": 847.6433912219294, "Rotterdam": 884.5917147425428, "Saarbr\u00fccken": 0.0, "Salzburg": 859.1592554833481, "Warsaw": 1639.391826075509}, "Salzburg": {"Bremen": 1695.0710460509817, "Dresden": 840.023374377438, "Madrid": 3768.8994769088213, "Marseille": 1667.798504833178, "Milan": 820.58887475172, "Naples": 1655.8947804780064, "Paris": 1685.5131721054001, "Rotterdam": 1723.1842107298176, "Saarbr\u00fccken": 875.7382100800234, "Salzburg": 0.0, "Warsaw": 1655.7282700108392}, "Warsaw": {"Bremen": 1716.4646294566135, "Dresden": 855.0255357926756, "Madrid": 5410.960880189503, "Marseille": 3349.4734755711124, "Milan": 2520.8725690504343, "Naples": 3320.0218288447268, "Paris": 2541.0780905326205, "Rotterdam": 1710.4027897971089, "Saarbr\u00fccken": 1715.3173082106805, "Salzburg": 1698.0911790487835, "Warsaw": 0.0}}