{"Bremen": {"Bremen": 0.0, "Dresden": 993.2412535038577, "Madrid": 4988.429120403288, "Marseille": 2860.2966916257647, "Milan": 1919.9482101498254, "Naples": 2866.6035427117754, "Paris": 1922.9028714979038, "Rotterdam": 988.212459889413, "Saarbr\u00fccken": 976.7472547113889, "Salzburg": 1893.4614769370469, "Warsaw": 1903.6013581856307}, "Dresden": {"Bremen": 979.9385925358954, "Dresden": 0.0, "Madrid": 4980.329176285292, "Marseille": 2848.8145401834795, "Milan": 1903.1352423502453, "Naples": 2803.0194128115427, "Paris": 1902.3629133331638, "Rotterdam": 974.13341736244, "Saarbr\u00fccken": 998.2639643742194, "Salzburg": 950.2911092843281, "Warsaw": 921.8005395440947}, "Madrid": {"Bremen": 5112.918287658407, "Dresden": 5122.7292106042805, "Madrid": 0.0, "Marseille": 2332.9947575078827, "Milan": 3248.757449831528, "Naples": 4125.981800042662, "Paris": 3251.826418920736, "Rotterdam": 4174.414641595836, "Saarbr\u00fccken": 4205.746370543758, "Salzburg": 4148.0160075200765, "Warsaw": 5991.411142877697}, "Marseille": {"Bremen": 2857.8318977117997, "Dresden": 2870.81684516732, "Madrid": 2085.231045929656, "Marseille": 0.0, "Milan": 962.9295880987031, "Naples": 1883.7608843023286, "Paris": 968.28588676586, "Rotterdam": 1932.2529260460478, "Saarbr\u00fccken": 1924.538175104092, "Salzburg": 1894.4993551396276, "Warsaw": 3742.263635783326}, "Milan": {"Bremen": 1929.030297447687, "Dresden": 1901.4775260081917, "Madrid": 3075.6862019929636, "Marseille": 970.7407166072271, "Milan": 0.0, "Naples": 935.4057720459933, "Paris": 1894.948838974592, "Rotterdam": 1919.2727993288015, "Saarbr\u00fccken": 966.590699270799, "Salzburg": 941.3532960733145, "Warsaw": 2826.4357917538537}, "Naples": {"Bremen": 2893.0989965757667, "Dresden": 2848.03649106565, "Madrid": 4058.562413002831, "Marseille": 1884.8483461927851, "Milan": 965.2363290590731, "Naples": 0.0, "Paris": 2824.7786159112634, "Rotterdam": 2885.944984091927, "Saarbr\u00fccken": 1933.6169166708453, "Salzburg": 1884.6971491515915, "Warsaw": 3735.581879009514}, "Paris": {"Bremen": 1916.4779721598952, "Dresden": 1951.123762792727, "Madrid": 3058.3994509512454, "Marseille": 973.0779715907996, "Milan": 1922.5489543668025, "Naples": 2821.5208196538083, "Paris": 0.0, "Rotterdam": 979.1919199615476, "Saarbr\u00fccken": 998.2808263395665, "Salzburg": 1917.9687551781349, "Warsaw": 2827.320671966287}, "Rotterdam": {"Bremen": 983.983837108271, "Dresden": 987.4638584205518, "Madrid": 4004.8713955208073, "Marseille": 1899.4411593155303, "Milan": 1929.819008695088, "Naples": 2847.185933148901, "Paris": 970.4292404692152, "Rotterdam": 0.0, "Saarbr\u00fccken": 995.5538345862105, "Salzburg": 1912.1439891870289, "Warsaw": 1901.7395738654036}, "Saarbr\u00fccken": {"Bremen": 973.2200697131361, "Dresden": 987.5909437382901, "Madrid": 4021.815030014228, "Marseille": 1922.2639956342232, "Milan": 953.9315431970457, "Naples": 1884.2721875674663, "Paris": 987.3350497428212, "Rotterdam": 980.3523090135241, "Saarbr\u00fccken": 0.0, "Salzburg": 939.0452401404892, "Warsaw": 1882.266848559672}, "Salzburg": {"Bremen": 1926.1773049372807, "Dresden": 983.3289242901599, "Madrid": 4032.7358786395716, "Marseille": 1911.2262459102387, "Milan": 967.2341347289359, "Naples": 1871.1104969250239, "Paris": 1919.9030371299114, "Rotterdam": 1966.3608712948685, "Saarbr\u00fccken": 999.6223207830527, "Salzburg": 0.0, "Warsaw": 1892.1966155274267}, "Warsaw": {"Bremen": 1952.9304165541525, "Dresden": 996.2386423191061, "Madrid": 5960.632964191624, "Marseille": 3815.6100470912615, "Milan": 2858.2240178729853, "Naples": 3768.5263185543977, "Paris": 2869.385296609518, "Rotterdam": 1937.0260175481596, "Saarbr\u00fccken": 1985.364054112871, "Salzburg": 1905.8477662446633, "Warsaw": 0.0}}