{"Bremen": {"Bremen": 0.0, "Dresden": 283.4026321182023, "Madrid": 1254.1723782101787, "Marseille": 750.822715900395, "Milan": 541.4882551349815, "Naples": 732.848477492777, "Paris": 529.6528883787748, "Rotterdam": 278.88494695857736, "Saarbr\u00fccken": 297.4645617122648, "Salzburg": 520.0043887483594, "Warsaw": 473.5058589139011}, "Dresden": {"Bremen": 278.1169698218875, "Dresden": 0.0, "Madrid": 1226.1796493754603, "Marseille": 720.9411923544892, "Milan": 498.31621611543426, "Naples": 702.9218212262025, "Paris": 501.8543008290528, "Rotterdam": 270.0705969525503, "Saarbr\u00fccken": 285.23181311519465, "Salzburg": 249.6443408874514, "Warsaw": 198.73063248867095}, "Madrid": {"Bremen": 1316.7399001045733, "Dresden": 1317.5921097307594, "Madrid": 0.0, "Marseille": 546.3298989003081, "Milan": 808.4059947050276, "Naples": 1017.3685464796752, "Paris": 804.5091473870558, "Rotterdam": 1073.2668883148647, "Saarbr\u00fccken": 1071.4200334683787, "Salzburg": 1041.7637622602222, "Warsaw": 1496.2942766622234}, "Marseille": {"Bremen": 769.5489214080808, "Dresden": 770.0396202685235, "Madrid": 532.483084069698, "Marseille": 0.0, "Milan": 265.21181523913816, "Naples": 467.7749313541605, "Paris": 258.48713484750095, "Rotterdam": 526.8874682435031, "Saarbr\u00fccken": 517.8548159007238, "Salzburg": 505.1438007163651, "Warsaw": 948.5595827314078}, "Milan": {"Bremen": 535.2444967844564, "Dresden": 528.8524798960966, "Madrid": 744.3681885305805, "Marseille": 227.79856136790426, "Milan": 0.0, "Naples": 229.38876661470889, "Paris": 489.5965286008667, "Rotterdam": 540.2601520320807, "Saarbr\u00fccken": 284.3789056543652, "Salzburg": 244.8832833482377, "Warsaw": 698.2491987932211}, "Naples": {"Bremen": 786.5862213913318, "Dresden": 765.5919178212346, "Madrid": 980.8918337124895, "Marseille": 482.1505518523232, "Milan": 263.5625907966457, "Naples": 0.0, "Paris": 798.1592840257608, "Rotterdam": 801.3940886293248, "Saarbr\u00fccken": 526.5727956225973, "Salzburg": 501.2210291477753, "Warsaw": 980.4542665019868}, "Paris": {"Bremen": 531.7486451752848, "Dresden": 534.7954085051601, "Madrid": 743.887070954073, "Marseille": 266.16015533557356, "Milan": 493.22444622406, "Naples": 761.9268474623321, "Paris": 0.0, "Rotterdam": 269.6659664573514, "Saarbr\u00fccken": 288.7460879007277, "Salzburg": 519.251035414316, "Warsaw": 712.9447709997025}, "Rotterdam": {"Bremen": 255.9724925120504, "Dresden": 279.08920603557607, "Madrid": 972.009677372327, "Marseille": 481.56136941866146, "Milan": 543.4324342790649, "Naples": 743.3230408617665, "Paris": 237.14951567163078, "Rotterdam": 0.0, "Saarbr\u00fccken": 279.12315751766704, "Salzburg": 512.2190242470671, "Warsaw": 462.31637193308904}, "Saarbr\u00fccken": {"Bremen": 278.87464405915387, "Dresden": 280.63223949362896, "Madrid": 963.5176401019412, "Marseille": 473.9554980425935, "Milan": 276.25417823282186, "Naples": 458.4910069735077, "Paris": 265.44854509565795, "Rotterdam": 263.67426567446586, "Saarbr\u00fccken": 0.0, "Salzburg": 256.31242340690864, "Warsaw": 462.32159827874307}, "Salzburg": {"Bremen": 557.0344044396004, "Dresden": 284.1609090374303, "Madrid": 982.8415382713468, "Marseille": 478.2580821927315, "Milan": 269.6868003188468, "Naples": 479.83660729096835, "Paris": 527.231969212134, "Rotterdam": 540.3453012171007, "Saarbr\u00fccken": 291.3685909520388, "Salzburg": 0.0, "Warsaw": 476.1995400026559}, "Warsaw": {"Bremen": 531.7291223733054, "Dresden": 271.43784661218166, "Madrid": 1497.4143353681193, "Marseille": 997.468011438602, "Milan": 779.1713228037079, "Naples": 982.1224751382008, "Paris": 771.5553427047527, "Rotterdam": 526.2808243836936, "Saarbr\u00fccken": 552.0285823716428, "Salzburg": 516.709916265206, "Warsaw": 0.0}}