{"Bremen": {"Bremen": 0.0, "Dresden": 1015.4152655291181, "Madrid": 5021.809964146997, "Marseille": 2863.2985161044808, "Milan": 1931.809511756971, "Naples": 2841.1520613309326, "Paris": 1913.9247891471134, "Rotterdam": 983.5664847793217, "Saarbr\u00fccken": 1016.4856991411015, "Salzburg": 1907.3534616900088, "Warsaw": 1867.1435386940452}, "Dresden": {"Bremen": 957.119998481134, "Dresden": 0.0, "Madrid": 5000.431983133658, "Marseille": 2854.520110261315, "Milan": 1912.4932121239235, "Naples": 2830.927297672793, "Paris": 1912.3404802379214, "Rotterdam": 987.3863230854915, "Saarbr\u00fccken": 1013.992312394422, "Salzburg": 949.2461639179098, "Warsaw": 894.9804892397638}, "Madrid": {"Bremen": 5146.579865707744, "Dresden": 5148.477503237709, "Madrid": 0.0, "Marseille": 2325.6543790986116, "Milan": 3239.527869836357, "Naples": 4109.030439051307, "Paris": 3261.655354892678, "Rotterdam": 4205.407576602321, "Saarbr\u00fccken": 4211.959888767409, "Salzburg": 4175.949165761411, "Warsaw": 6017.451027845974}, "Marseille": {"Bremen": 2868.705201391899, "Dresden": 2885.6422537243584, "Madrid": 2170.3003653166024, "Marseille": 0.0, "Milan": 961.2108057455898, "Naples": 1867.6081728853146, "Paris": 962.5080776221351, "Rotterdam": 1934.9889583837462, "Saarbr\u00fccken": 1929.7820284769944, "Salzburg": 1906.1903527534614, "Warsaw": 3748.3270951048116}, "Milan": {"Bremen": 1929.765982898476, "Dresden": 1929.8365887846646, "Madrid": 3106.2889998779897, "Marseille": 967.3799643367623, "Milan": 0.0, "Naples": 958.6277494868457, "Paris": 1899.4101018648087, "Rotterdam": 1941.9918053633694, "Saarbr\u00fccken": 997.4165126735438, "Salzburg": 958.2100901190987, "Warsaw": 2790.905090152735}, "Naples": {"Bremen": 2880.2192033971023, "Dresden": 2874.7536666951823, "Madrid": 4047.4356622341106, "Marseille": 1887.8999457853072, "Milan": 970.9352595864709, "Naples": 0.0, "Paris": 2831.668720941358, "Rotterdam": 2889.041876264781, "Saarbr\u00fccken": 1920.0248313347568, "Salzburg": 1905.5207997909085, "Warsaw": 3750.5907853781637}, "Paris": {"Bremen": 1918.2809045237252, "Dresden": 1951.273324027542, "Madrid": 3131.85867951028, "Marseille": 983.0587125747683, "Milan": 1924.3293255923243, "Naples": 2814.0941358246628, "Paris": 0.0, "Rotterdam": 993.9988231367072, "Saarbr\u00fccken": 984.903869414562, "Salzburg": 1911.4566099643373, "Warsaw": 2833.7713714693314}, "Rotterdam": {"Bremen": 958.3198721497172, "Dresden": 996.168045169665, "Madrid": 4071.6306742427932, "Marseille": 1909.134369700393, "Milan": 1932.643516915021, "Naples": 2835.101021188061, "Paris": 958.2944570683372, "Rotterdam": 0.0, "Saarbr\u00fccken": 1016.1276805555556, "Salzburg": 1926.4953555638808, "Warsaw": 1866.0261119516986}, "Saarbr\u00fccken": {"Bremen": 976.1051146817509, "Dresden": 996.8262489130341, "Madrid": 4057.03836071256, "Marseille": 1905.5462256891815, "Milan": 958.9847590947777, "Naples": 1867.9738265263575, "Paris": 957.8492746535956, "Rotterdam": 995.8806291763367, "Saarbr\u00fccken": 0.0, "Salzburg": 945.3086244652442, "Warsaw": 1851.2951914171977}, "Salzburg": {"Bremen": 1943.3545814521726, "Dresden": 1007.8347953051465, "Madrid": 4054.754492398952, "Marseille": 1904.2539064021405, "Milan": 958.9851113577068, "Naples": 1878.3570425286896, "Paris": 1942.7189939224893, "Rotterdam": 1945.951134691457, "Saarbr\u00fccken": 1021.0204964969247, "Salzburg": 0.0, "Warsaw": 1864.5320787655794}, "Warsaw": {"Bremen": 1923.2876692366906, "Dresden": 999.8031055312472, "Madrid": 5960.183467341733, "Marseille": 3814.804080959893, "Milan": 2887.425430920233, "Naples": 3762.051759103429, "Paris": 2885.829252345258, "Rotterdam": 1955.7956748376391, "Saarbr\u00fccken": 1958.949019343773, "Salzburg": 1927.2264685233947, "Warsaw": 0.0}}