{"Bremen": {"Bremen": 0.0, "Dresden": 831.6846933498019, "Madrid": 4424.233295168249, "Marseille": 2410.8587096409337, "Milan": 1629.1625682986662, "Naples": 2388.8096761732218, "Paris": 1622.3929481679718, "Rotterdam": 822.2444165229675, "Saarbr\u00fccken": 826.0250713325835, "Salzburg": 1618.4686681825092, "Warsaw": 1550.2628372158179}, "Dresden": {"Bremen": 828.6507097871369, "Dresden": 0.0, "Madrid": 4430.208812714913, "Marseille": 2399.0536442207062, "Milan": 1593.7063744842344, "Naples": 2379.2173866595745, "Paris": 1606.0544923269551, "Rotterdam": 834.9841303812511, "Saarbr\u00fccken": 865.7487749350248, "Salzburg": 768.2977704261071, "Warsaw": 722.9310089778903}, "Madrid": {"Bremen": 4498.647016085698, "Dresden": 4516.128786489614, "Madrid": 0.0, "Marseille": 2056.197769960137, "Milan": 2881.708987877699, "Naples": 3663.8064039552883, "Paris": 2871.143156303365, "Rotterdam": 3700.8828804772766, "Saarbr\u00fccken": 3747.656316868269, "Salzburg": 3669.8422790823474, "Warsaw": 5259.318519935661}, "Marseille": {"Bremen": 2409.8688348602523, "Dresden": 2412.9074558650373, "Madrid": 2049.404397568266, "Marseille": 0.0, "Milan": 820.9058901019706, "Naples": 1574.0672253068885, "Paris": 788.452169974025, "Rotterdam": 1619.4993725617492, "Saarbr\u00fccken": 1648.0185950311966, "Salzburg": 1577.3196734391088, "Warsaw": 3150.0674333185207}, "Milan": {"Bremen": 1633.0941392047, "Dresden": 1615.0517210181424, "Madrid": 2793.000447473271, "Marseille": 787.4435791834725, "Milan": 0.0, "Naples": 772.951155619884, "Paris": 1576.6040805789853, "Rotterdam": 1646.9277520980002, "Saarbr\u00fccken": 838.8761617812938, "Salzburg": 764.499456309766, "Warsaw": 2343.1869275903773}, "Naples": {"Bremen": 2425.1229994380315, "Dresden": 2412.3891080339513, "Madrid": 3620.171535239761, "Marseille": 1586.6814497022494, "Milan": 838.2743549641565, "Naples": 0.0, "Paris": 2387.3097264558705, "Rotterdam": 2429.376080286828, "Saarbr\u00fccken": 1620.2856503376672, "Salzburg": 1590.3270647605978, "Warsaw": 3156.816721605036}, "Paris": {"Bremen": 1605.393247511559, "Dresden": 1622.392475712913, "Madrid": 2832.525930473354, "Marseille": 791.6259749690436, "Milan": 1595.4145073723794, "Naples": 2357.7943330777994, "Paris": 0.0, "Rotterdam": 823.1603915003576, "Saarbr\u00fccken": 850.9406819829014, "Salzburg": 1624.5562692717128, "Warsaw": 2346.4415569858766}, "Rotterdam": {"Bremen": 793.9124205516497, "Dresden": 828.0850613619428, "Madrid": 3614.174957305129, "Marseille": 1579.4730678724634, "Milan": 1639.1151742930206, "Naples": 2380.650409439321, "Paris": 782.5446732051306, "Rotterdam": 0.0, "Saarbr\u00fccken": 858.2557618231187, "Salzburg": 1624.955939033825, "Warsaw": 1544.0824289347127}, "Saarbr\u00fccken": {"Bremen": 813.6212452401878, "Dresden": 832.8451418552726, "Madrid": 3594.9108534392744, "Marseille": 1586.8098885887023, "Milan": 809.8212336929422, "Naples": 1568.2098102717268, "Paris": 781.3353517968962, "Rotterdam": 839.4543430360045, "Saarbr\u00fccken": 0.0, "Salzburg": 766.7916040496435, "Warsaw": 1550.705613635026}, "Salzburg": {"Bremen": 1662.617889178543, "Dresden": 828.5796539390836, "Madrid": 3645.039511496182, "Marseille": 1605.5225447906014, "Milan": 819.8179109207925, "Naples": 1574.6775008701218, "Paris": 1611.7554645386551, "Rotterdam": 1646.3894264036471, "Saarbr\u00fccken": 863.5777226579193, "Salzburg": 0.0, "Warsaw": 1554.3124182872116}, "Warsaw": {"Bremen": 1661.3705240320342, "Dresden": 815.5843341929235, "Madrid": 5267.630262827225, "Marseille": 3222.9171583688585, "Milan": 2427.5623741033332, "Naples": 3186.46811409195, "Paris": 2427.1654897483713, "Rotterdam": 1624.1137305760847, "Saarbr\u00fccken": 1659.5555034590525, "Salzburg": 1586.4142961378427, "Warsaw": 0.0}}