{"Bremen": {"Bremen": 0.0, "Dresden": 999.3919074972695, "Madrid": 5129.231978132117, "Marseille": 2942.5066942058143, "Milan": 1972.771153934275, "Naples": 2915.4376053141386, "Paris": 1962.0359254867808, "Rotterdam": 996.7187963403439, "Saarbr\u00fccken": 1000.8936424478107, "Salzburg": 1962.435955533631, "Warsaw": 1933.5638287475379}, "Dresden": {"Bremen": 1029.4999639067935, "Dresden": 0.0, "Madrid": 5080.266394371732, "Marseille": 2895.9860167492893, "Milan": 1940.0971312729687, "Naples": 2895.5845086124464, "Paris": 1961.5787859387526, "Rotterdam": 1002.6288916363771, "Saarbr\u00fccken": 1013.8441780835562, "Salzburg": 975.6319471955054, "Warsaw": 939.9244894618051}, "Madrid": {"Bremen": 5235.539242795545, "Dresden": 5183.113334062793, "Madrid": 0.0, "Marseille": 2259.586821958661, "Milan": 3205.1067332231282, "Naples": 4209.467874684524, "Paris": 3298.534285400684, "Rotterdam": 4297.327981068232, "Saarbr\u00fccken": 4261.977177289196, "Salzburg": 4175.621880914848, "Warsaw": 6153.1156176856075}, "Marseille": {"Bremen": 2958.3873995209897, "Dresden": 2915.7809612482597, "Madrid": 2116.7391430666994, "Marseille": 0.0, "Milan": 958.0055820465709, "Naples": 1919.2043245900757, "Paris": 977.8832755986771, "Rotterdam": 1952.152828595842, "Saarbr\u00fccken": 1972.5760200883444, "Salzburg": 1912.9323216107462, "Warsaw": 3861.1045586887267}, "Milan": {"Bremen": 2023.29685030315, "Dresden": 1954.2463181269418, "Madrid": 3107.6267709609538, "Marseille": 975.4315257716228, "Milan": 0.0, "Naples": 900.9164972059864, "Paris": 1966.2812937479412, "Rotterdam": 1990.9824709237448, "Saarbr\u00fccken": 993.7311191428976, "Salzburg": 995.7266125645909, "Warsaw": 2873.2677932358242}, "Naples": {"Bremen": 2970.844571705352, "Dresden": 2942.9448967617172, "Madrid": 4134.464873534589, "Marseille": 1933.2393545566088, "Milan": 958.7036054861065, "Naples": 0.0, "Paris": 2940.853468203828, "Rotterdam": 2974.471125686823, "Saarbr\u00fccken": 1978.0085871616986, "Salzburg": 1945.4266341892308, "Warsaw": 3866.145649200352}, "Paris": {"Bremen": 1988.7092127901308, "Dresden": 1983.3133400265385, "Madrid": 3138.53042127597, "Marseille": 969.6687040322017, "Milan": 1962.0903326887767, "Naples": 2885.0745538974807, "Paris": 0.0, "Rotterdam": 980.3958399562867, "Saarbr\u00fccken": 1010.783841805682, "Salzburg": 1993.2834178404157, "Warsaw": 2913.1593618482493}, "Rotterdam": {"Bremen": 1018.7448430604919, "Dresden": 997.0264654407408, "Madrid": 4127.409093011253, "Marseille": 1946.2919897747024, "Milan": 1979.4848281770396, "Naples": 2917.9832780574934, "Paris": 974.5836445960497, "Rotterdam": 0.0, "Saarbr\u00fccken": 1015.0697293516868, "Salzburg": 1959.2698521803984, "Warsaw": 1933.3166493300032}, "Saarbr\u00fccken": {"Bremen": 1003.3307889536023, "Dresden": 996.0605885185128, "Madrid": 4139.940324419086, "Marseille": 1949.6439881670094, "Milan": 972.9002238114565, "Naples": 1919.8352301840705, "Paris": 979.1535357689675, "Rotterdam": 1006.9966374766985, "Saarbr\u00fccken": 0.0, "Salzburg": 964.5661689152911, "Warsaw": 1931.7348354755836}, "Salzburg": {"Bremen": 1994.1149743377503, "Dresden": 989.8957520444261, "Madrid": 4095.902089057361, "Marseille": 1931.874093078158, "Milan": 960.9691643392471, "Naples": 1911.447162778941, "Paris": 1972.9681767838254, "Rotterdam": 2001.228824895319, "Saarbr\u00fccken": 1009.6839178923058, "Salzburg": 0.0, "Warsaw": 1932.7692454585845}, "Warsaw": {"Bremen": 1997.315671638657, "Dresden": 997.1758466613087, "Madrid": 6131.853216920061, "Marseille": 3920.295996484139, "Milan": 2955.128940392327, "Naples": 3910.982066699077, "Paris": 2950.639357607495, "Rotterdam": 1986.6872912738468, "Saarbr\u00fccken": 2008.670165367668, "Salzburg": 1973.2074405179737, "Warsaw": 0.0}}