{"Bremen": {"Bremen": 0.0, "Dresden": 957.5971650331416, "Madrid": 4910.936096955872, "Marseille": 2781.8669117553077, "Milan": 1896.8678755342544, "Naples": 2799.5594769011896, "Paris": 1864.478839673391, "Rotterdam": 951.7217765430507, "Saarbr\u00fccken": 973.4503870554881, "Salzburg": 1883.9457160879142, "Warsaw": 1826.761246703386}, "Dresden": {"Bremen": 969.4724512758262, "Dresden": 0.0, "Madrid": 4920.210738641226, "Marseille": 2787.1988573007534, "Milan": 1858.8412981626807, "Naples": 2770.464497432868, "Paris": 1868.3641333682392, "Rotterdam": 950.8520952432779, "Saarbr\u00fccken": 969.3926966244247, "Salzburg": 917.4133331114942, "Warsaw": 873.4949823985324}, "Madrid": {"Bremen": 5080.796242904592, "Dresden": 5044.524474120192, "Madrid": 0.0, "Marseille": 2203.3586433882297, "Milan": 3168.4532698414923, "Naples": 4093.854878831212, "Paris": 3150.9750571633926, "Rotterdam": 4107.167483184193, "Saarbr\u00fccken": 4146.523040379293, "Salzburg": 4095.2106664046537, "Warsaw": 5927.396514918894}, "Marseille": {"Bremen": 2836.514667385048, "Dresden": 2806.888790054249, "Madrid": 2165.506803230708, "Marseille": 0.0, "Milan": 949.3346088062951, "Naples": 1845.8451731483922, "Paris": 936.2716130290161, "Rotterdam": 1888.2654586550007, "Saarbr\u00fccken": 1901.712239700592, "Salzburg": 1862.6634911309602, "Warsaw": 3691.434945163862}, "Milan": {"Bremen": 1929.408758965235, "Dresden": 1886.3178337975792, "Madrid": 3069.6264552952284, "Marseille": 917.0799694748014, "Milan": 0.0, "Naples": 913.8800705726196, "Paris": 1852.984536133094, "Rotterdam": 1904.244764928019, "Saarbr\u00fccken": 963.7089205440516, "Salzburg": 923.6527996439078, "Warsaw": 2751.291376946995}, "Naples": {"Bremen": 2875.93835707461, "Dresden": 2830.874117286867, "Madrid": 4012.4058909812657, "Marseille": 1850.1851672824373, "Milan": 952.7476330367116, "Naples": 0.0, "Paris": 2797.0496067367435, "Rotterdam": 2847.1370846066397, "Saarbr\u00fccken": 1902.9907648188582, "Salzburg": 1868.0566194971188, "Warsaw": 3704.715224983258}, "Paris": {"Bremen": 1913.8200741355856, "Dresden": 1897.972521240499, "Madrid": 3072.2820470436704, "Marseille": 902.8008257360702, "Milan": 1881.0672607099193, "Naples": 2772.461081960024, "Paris": 0.0, "Rotterdam": 947.0938527859845, "Saarbr\u00fccken": 988.2329066674281, "Salzburg": 1904.0315941593637, "Warsaw": 2772.1042996049205}, "Rotterdam": {"Bremen": 965.176116281551, "Dresden": 967.6762975975122, "Madrid": 3989.5540583564493, "Marseille": 1836.1447203543084, "Milan": 1897.8629356756855, "Naples": 2795.858627510738, "Paris": 928.3397265574299, "Rotterdam": 0.0, "Saarbr\u00fccken": 959.4331145776501, "Salzburg": 1892.7392792356852, "Warsaw": 1828.5600113674668}, "Saarbr\u00fccken": {"Bremen": 969.8505450451462, "Dresden": 954.9001795437151, "Madrid": 3973.0624873552374, "Marseille": 1843.0910799534715, "Milan": 946.6394404833705, "Naples": 1843.506048269353, "Paris": 925.1906870803734, "Rotterdam": 969.9242835317273, "Saarbr\u00fccken": 0.0, "Salzburg": 913.7956123386272, "Warsaw": 1827.7879988439179}, "Salzburg": {"Bremen": 1916.1063021315629, "Dresden": 948.7936620000735, "Madrid": 3992.6666218584382, "Marseille": 1854.7478031825754, "Milan": 950.462757223625, "Naples": 1839.3762439358895, "Paris": 1904.9262250747875, "Rotterdam": 1908.0697139663143, "Saarbr\u00fccken": 980.9319332364403, "Salzburg": 0.0, "Warsaw": 1831.9309601666034}, "Warsaw": {"Bremen": 1916.609773579925, "Dresden": 946.8266732831866, "Madrid": 5877.737268480957, "Marseille": 3738.758164104445, "Milan": 2816.618258224984, "Naples": 3745.3184571592683, "Paris": 2837.250247363061, "Rotterdam": 1911.73161214081, "Saarbr\u00fccken": 1933.7717227174624, "Salzburg": 1885.672484553195, "Warsaw": 0.0}}