{"Bremen": {"Bremen": 0.0, "Dresden": 533.1884339058012, "Madrid": 2238.344303723864, "Marseille": 1327.6050528014896, "Milan": 982.7613017614652, "Naples": 1334.4195786761927, "Paris": 933.8749011261756, "Rotterdam": 484.8568637987503, "Saarbr\u00fccken": 536.6564025618799, "Salzburg": 946.6388197867944, "Warsaw": 870.6099304420553}, "Dresden": {"Bremen": 457.4758964912091, "Dresden": 0.0, "Madrid": 2193.970929612954, "Marseille": 1296.7926909712544, "Milan": 899.1495740960626, "Naples": 1280.0977306489237, "Paris": 931.0630741649132, "Rotterdam": 495.5131245659689, "Saarbr\u00fccken": 510.1995676387001, "Salzburg": 413.17504044472173, "Warsaw": 355.90956177011725}, "Madrid": {"Bremen": 2366.801852515452, "Dresden": 2381.8122352017394, "Madrid": 0.0, "Marseille": 994.1515909200494, "Milan": 1468.967451486144, "Naples": 1841.909499497729, "Paris": 1449.1714140526808, "Rotterdam": 1910.0294240464366, "Saarbr\u00fccken": 1937.9368312922368, "Salzburg": 1883.7339758487353, "Warsaw": 2696.097554582597}, "Marseille": {"Bremen": 1365.3998750456221, "Dresden": 1389.841609819909, "Madrid": 928.2400771530064, "Marseille": 0.0, "Milan": 492.22356718113855, "Naples": 831.6943295117537, "Paris": 472.1285386132776, "Rotterdam": 945.298621701464, "Saarbr\u00fccken": 936.5280367873318, "Salzburg": 889.9246590515775, "Warsaw": 1709.9918389559139}, "Milan": {"Bremen": 978.5250948716383, "Dresden": 949.4811192035468, "Madrid": 1328.0720262961772, "Marseille": 418.0757298485821, "Milan": 0.0, "Naples": 416.04929167517315, "Paris": 873.5630856048078, "Rotterdam": 973.147759508402, "Saarbr\u00fccken": 511.86794512990645, "Salzburg": 441.0882958594515, "Warsaw": 1260.5856191739317}, "Naples": {"Bremen": 1414.8190637164605, "Dresden": 1384.3640575107947, "Madrid": 1784.181095274561, "Marseille": 884.1068133930845, "Milan": 500.8163819956712, "Naples": 0.0, "Paris": 1447.3987514220698, "Rotterdam": 1426.7584426309954, "Saarbr\u00fccken": 932.1264614644739, "Salzburg": 870.4615257187027, "Warsaw": 1817.9384752521348}, "Paris": {"Bremen": 949.221775648973, "Dresden": 954.3790489197436, "Madrid": 1365.637563096876, "Marseille": 437.57062211939694, "Milan": 924.059959156605, "Naples": 1350.6246377329612, "Paris": 0.0, "Rotterdam": 494.54497607688944, "Saarbr\u00fccken": 532.4286993762757, "Salzburg": 926.2436355373303, "Warsaw": 1286.9151109619697}, "Rotterdam": {"Bremen": 477.5526628415134, "Dresden": 514.7346316558294, "Madrid": 1767.6100198783981, "Marseille": 871.9851688278197, "Milan": 967.1628818156394, "Naples": 1361.454032502339, "Paris": 519.7323637307975, "Rotterdam": 0.0, "Saarbr\u00fccken": 525.5214397264414, "Salzburg": 902.3894687236807, "Warsaw": 823.2342933287695}, "Saarbr\u00fccken": {"Bremen": 494.1379124991855, "Dresden": 511.45701294820935, "Madrid": 1774.820905811226, "Marseille": 880.2978982790735, "Milan": 496.8078239563935, "Naples": 829.9862451213922, "Paris": 465.1668746908824, "Rotterdam": 483.26645252064947, "Saarbr\u00fccken": 0.0, "Salzburg": 457.5799134084531, "Warsaw": 842.3148379785322}, "Salzburg": {"Bremen": 989.597170190306, "Dresden": 524.4818592518908, "Madrid": 1773.0992278501449, "Marseille": 874.6657662015554, "Milan": 475.3292902222915, "Naples": 842.9665602596424, "Paris": 951.9013309648362, "Rotterdam": 974.860171945997, "Saarbr\u00fccken": 543.0996003482423, "Salzburg": 0.0, "Warsaw": 847.9146681681456}, "Warsaw": {"Bremen": 957.6673168019793, "Dresden": 519.6709814351375, "Madrid": 2673.423622583563, "Marseille": 1776.4995861802854, "Milan": 1388.4411131315135, "Naples": 1829.9056529302386, "Paris": 1413.2091986128582, "Rotterdam": 956.5647514700723, "Saarbr\u00fccken": 1006.4720420620799, "Salzburg": 923.2273851965998, "Warsaw": 0.0}}