{"Bremen": {"Bremen": 0.0, "Dresden": 273.73802965267623, "Madrid": 1507.266191229403, "Marseille": 862.6189291547176, "Milan": 603.5494527558824, "Naples": 1206.1222464915916, "Paris": 576.2683260218134, "Rotterdam": 295.8516010381052, "Saarbr\u00fccken": 302.4787231468932, "Salzburg": 602.9300349667461, "Warsaw": 548.8040389793998}, "Dresden": {"Bremen": 295.70368495441096, "Dresden": 0.0, "Madrid": 1499.1168909902144, "Marseille": 878.2442111396277, "Milan": 599.6513909575361, "Naples": 1220.6857275342738, "Paris": 586.2483810078687, "Rotterdam": 303.0989511887052, "Saarbr\u00fccken": 310.08803088221714, "Salzburg": 273.1403020281584, "Warsaw": 217.9815883573937}, "Madrid": {"Bremen": 1600.278676013492, "Dresden": 1539.9388098289157, "Madrid": 0.0, "Marseille": 558.4123507339447, "Milan": 1217.4633098214822, "Naples": 1528.5575888339245, "Paris": 915.0224508988669, "Rotterdam": 1254.9886803625188, "Saarbr\u00fccken": 1262.7734932491032, "Salzburg": 1530.0325919398538, "Warsaw": 2104.958398423325}, "Marseille": {"Bremen": 947.949166751912, "Dresden": 923.9074198235284, "Madrid": 545.9046941926579, "Marseille": 0.0, "Milan": 282.425804617749, "Naples": 599.1648959767477, "Paris": 269.49105009270613, "Rotterdam": 608.6757736487161, "Saarbr\u00fccken": 618.1400821254273, "Salzburg": 593.179669011198, "Warsaw": 1490.8896386076547}, "Milan": {"Bremen": 618.1272391390798, "Dresden": 600.8016279498116, "Madrid": 1179.9319985024251, "Marseille": 241.46129338655444, "Milan": 0.0, "Naples": 297.05802345441236, "Paris": 581.3772444225662, "Rotterdam": 615.6908687332784, "Saarbr\u00fccken": 298.8163606171963, "Salzburg": 288.03550018974846, "Warsaw": 864.2782347734299}, "Naples": {"Bremen": 1272.3654342425762, "Dresden": 1235.420028948731, "Madrid": 1512.7855215792329, "Marseille": 571.500148042159, "Milan": 283.42949658959105, "Naples": 0.0, "Paris": 1302.9185574361368, "Rotterdam": 1263.7087137377027, "Saarbr\u00fccken": 935.5384629474023, "Salzburg": 601.4589342172834, "Warsaw": 1548.1237493606043}, "Paris": {"Bremen": 624.8904424267641, "Dresden": 598.920040212903, "Madrid": 867.1654962134505, "Marseille": 226.9283212255407, "Milan": 593.4434581071213, "Naples": 1293.888614323489, "Paris": 0.0, "Rotterdam": 300.2883073265584, "Saarbr\u00fccken": 309.0495694999394, "Salzburg": 595.0608250595808, "Warsaw": 1187.8665803847884}, "Rotterdam": {"Bremen": 307.8702309455739, "Dresden": 287.5250963069416, "Madrid": 1180.258173142164, "Marseille": 555.1232973806057, "Milan": 595.8629383118981, "Naples": 1229.5370567621605, "Paris": 266.2460268228631, "Rotterdam": 0.0, "Saarbr\u00fccken": 310.90553163796966, "Salzburg": 594.7517727798197, "Warsaw": 867.7469565761318}, "Saarbr\u00fccken": {"Bremen": 319.94477896593423, "Dresden": 289.56392535591976, "Madrid": 1182.8085667553876, "Marseille": 559.5675679602182, "Milan": 294.24227258919467, "Naples": 898.0981223227301, "Paris": 278.8300053855232, "Rotterdam": 300.0458956713784, "Saarbr\u00fccken": 0.0, "Salzburg": 296.79485497562246, "Warsaw": 870.4028388217849}, "Salzburg": {"Bremen": 623.5256033310172, "Dresden": 277.5006400153362, "Madrid": 1490.2573768020318, "Marseille": 553.6591208553435, "Milan": 283.70949601121873, "Naples": 584.3439700308635, "Paris": 586.284474585153, "Rotterdam": 629.0129913083359, "Saarbr\u00fccken": 301.4815255777917, "Salzburg": 0.0, "Warsaw": 544.8851107855171}, "Warsaw": {"Bremen": 626.8491987513615, "Dresden": 288.8561695212529, "Madrid": 2130.8553195612603, "Marseille": 1479.9240440757792, "Milan": 906.5119942257614, "Naples": 1576.9937329407176, "Paris": 1209.4397824865973, "Rotterdam": 936.3150021944048, "Saarbr\u00fccken": 942.5252728385291, "Salzburg": 601.530935175953, "Warsaw": 0.0}}