{"Bremen": {"Bremen": 0.0, "Dresden": 797.8180643193649, "Madrid": 4362.179927732298, "Marseille": 2356.4358366962697, "Milan": 1604.7370556055935, "Naples": 2367.797222593408, "Paris": 1581.1682984082088, "Rotterdam": 832.6810743011832, "Saarbr\u00fccken": 826.4833432392062, "Salzburg": 1575.2673749923947, "Warsaw": 1515.8419068315268}, "Dresden": {"Bremen": 791.9968974864936, "Dresden": 0.0, "Madrid": 4377.418769851496, "Marseille": 2365.0199418509665, "Milan": 1596.9677756357794, "Naples": 2313.657208105604, "Paris": 1588.0974977150508, "Rotterdam": 845.7329601051204, "Saarbr\u00fccken": 822.1972098189395, "Salzburg": 807.2298906612775, "Warsaw": 720.3968176558575}, "Madrid": {"Bremen": 4467.630667672485, "Dresden": 4474.9320290944015, "Madrid": 0.0, "Marseille": 2115.2397985647444, "Milan": 2884.121406105666, "Naples": 3618.42340799836, "Paris": 2873.9306107190687, "Rotterdam": 3675.6803730392976, "Saarbr\u00fccken": 3709.405729786426, "Salzburg": 3656.0602496139672, "Warsaw": 5197.862230605953}, "Marseille": {"Bremen": 2379.7361073228444, "Dresden": 2387.521120976279, "Madrid": 1990.2591173676965, "Marseille": 0.0, "Milan": 813.6289486551572, "Naples": 1550.1677196983974, "Paris": 778.6367241785983, "Rotterdam": 1575.6668136491637, "Saarbr\u00fccken": 1625.272404819295, "Salzburg": 1575.6716353092186, "Warsaw": 3108.6462899705234}, "Milan": {"Bremen": 1627.6185734873354, "Dresden": 1619.4308538203543, "Madrid": 2797.9850556819238, "Marseille": 796.5374283652728, "Milan": 0.0, "Naples": 785.3702211655218, "Paris": 1552.1557571713722, "Rotterdam": 1623.8584785753346, "Saarbr\u00fccken": 822.2060729561026, "Salzburg": 810.3508815018336, "Warsaw": 2306.905854641735}, "Naples": {"Bremen": 2392.8433791577895, "Dresden": 2369.996560631247, "Madrid": 3585.286816581218, "Marseille": 1545.2409590456755, "Milan": 798.9059100925457, "Naples": 0.0, "Paris": 2343.281129505965, "Rotterdam": 2401.1614173755397, "Saarbr\u00fccken": 1594.1826137924854, "Salzburg": 1569.1179029062052, "Warsaw": 3102.1633756542046}, "Paris": {"Bremen": 1598.9901125249744, "Dresden": 1623.9984858850396, "Madrid": 2816.5679522250375, "Marseille": 799.4089975137955, "Milan": 1584.245697129186, "Naples": 2344.4056483192653, "Paris": 0.0, "Rotterdam": 802.7632986608003, "Saarbr\u00fccken": 815.30696789987, "Salzburg": 1584.678588956694, "Warsaw": 2346.085135822465}, "Rotterdam": {"Bremen": 823.9519691030633, "Dresden": 809.7489958061894, "Madrid": 3610.68349612104, "Marseille": 1570.989486251444, "Milan": 1597.671019339477, "Naples": 2351.066316110762, "Paris": 782.091207503527, "Rotterdam": 0.0, "Saarbr\u00fccken": 820.3924163308473, "Salzburg": 1594.5947983335423, "Warsaw": 1549.0267569866437}, "Saarbr\u00fccken": {"Bremen": 794.1875473183098, "Dresden": 813.1920324729754, "Madrid": 3575.0670411987962, "Marseille": 1557.2626977740429, "Milan": 818.4537750831812, "Naples": 1543.1567714613273, "Paris": 775.6656969414882, "Rotterdam": 832.9007129961938, "Saarbr\u00fccken": 0.0, "Salzburg": 804.4146940572405, "Warsaw": 1558.947680984028}, "Salzburg": {"Bremen": 1596.0695777821184, "Dresden": 796.0254089914399, "Madrid": 3563.9022929829794, "Marseille": 1564.482802852812, "Milan": 803.753176021082, "Naples": 1539.2613708503495, "Paris": 1590.7080337469179, "Rotterdam": 1645.5482250231967, "Saarbr\u00fccken": 839.0067492921996, "Salzburg": 0.0, "Warsaw": 1517.9537800507142}, "Warsaw": {"Bremen": 1602.227142569321, "Dresden": 784.6576422212426, "Madrid": 5153.199582816806, "Marseille": 3141.922483381732, "Milan": 2367.187178115528, "Naples": 3103.533565053984, "Paris": 2394.87865205974, "Rotterdam": 1640.8734813541712, "Saarbr\u00fccken": 1607.5667810560992, "Salzburg": 1585.1798120989274, "Warsaw": 0.0}}