{"Bremen": {"Bremen": 0.0, "Dresden": 938.3590268840709, "Madrid": 4727.118277237553, "Marseille": 2598.389043965569, "Milan": 1796.4889402050098, "Naples": 2621.1991528680187, "Paris": 1724.5896831479256, "Rotterdam": 899.7951292752274, "Saarbr\u00fccken": 911.4127700939401, "Salzburg": 1770.9363775115974, "Warsaw": 1718.1897871758622}, "Dresden": {"Bremen": 908.0357695957188, "Dresden": 0.0, "Madrid": 4678.611217861261, "Marseille": 2606.4239504993047, "Milan": 1748.7352451142585, "Naples": 2579.947057832824, "Paris": 1752.7922648774863, "Rotterdam": 891.1413208527078, "Saarbr\u00fccken": 906.0925826245576, "Salzburg": 858.6535225182959, "Warsaw": 802.1298864742123}, "Madrid": {"Bremen": 4794.482374106564, "Dresden": 4809.52453870289, "Madrid": 0.0, "Marseille": 2212.4370888833387, "Milan": 3085.904343430301, "Naples": 3913.6155957270826, "Paris": 3059.3108982367007, "Rotterdam": 3945.05584723041, "Saarbr\u00fccken": 3978.4383312772093, "Salzburg": 3924.1448645056284, "Warsaw": 5613.7762577653}, "Marseille": {"Bremen": 2628.6713709647624, "Dresden": 2656.1409352882815, "Madrid": 2058.227592014415, "Marseille": 0.0, "Milan": 900.1522074053239, "Naples": 1713.3110911456797, "Paris": 852.7241038977475, "Rotterdam": 1748.8570242446779, "Saarbr\u00fccken": 1772.897035829047, "Salzburg": 1745.6583607273676, "Warsaw": 3467.011154172318}, "Milan": {"Bremen": 1803.5918928193587, "Dresden": 1778.150222607868, "Madrid": 2968.289491119098, "Marseille": 880.6380588350172, "Milan": 0.0, "Naples": 871.6631010937577, "Paris": 1745.7890653524753, "Rotterdam": 1795.208008936357, "Saarbr\u00fccken": 932.3646038932501, "Salzburg": 856.4816875383644, "Warsaw": 2588.231582132073}, "Naples": {"Bremen": 2639.1847927871477, "Dresden": 2638.244854045656, "Madrid": 3832.1760657392415, "Marseille": 1747.111352781928, "Milan": 922.8987065263486, "Naples": 0.0, "Paris": 2616.2066867840235, "Rotterdam": 2677.6691990488325, "Saarbr\u00fccken": 1783.1889453417173, "Salzburg": 1737.119635616044, "Warsaw": 3451.2359134610506}, "Paris": {"Bremen": 1770.9387950372868, "Dresden": 1772.7033019082364, "Madrid": 2944.608876908112, "Marseille": 893.6308993284616, "Milan": 1757.650468840701, "Naples": 2591.216225636428, "Paris": 0.0, "Rotterdam": 894.3450204619014, "Saarbr\u00fccken": 925.8003995909083, "Salzburg": 1786.8130648201434, "Warsaw": 2595.090915222598}, "Rotterdam": {"Bremen": 908.8803255845588, "Dresden": 927.0910750589088, "Madrid": 3835.9759367908705, "Marseille": 1737.954831349887, "Milan": 1781.546010132506, "Naples": 2620.0461673381415, "Paris": 848.8890485906762, "Rotterdam": 0.0, "Saarbr\u00fccken": 927.3800056476905, "Salzburg": 1761.804469596577, "Warsaw": 1712.0392523152382}, "Saarbr\u00fccken": {"Bremen": 932.8156261814767, "Dresden": 937.8474042778225, "Madrid": 3818.9688506964408, "Marseille": 1741.6456771047426, "Milan": 904.2711141100575, "Naples": 1708.8809850346481, "Paris": 861.507672302496, "Rotterdam": 896.5382641077683, "Saarbr\u00fccken": 0.0, "Salzburg": 858.9954551099212, "Warsaw": 1723.1512254168713}, "Salzburg": {"Bremen": 1810.187388820942, "Dresden": 946.9922724826816, "Madrid": 3829.9609391496692, "Marseille": 1753.4083597498968, "Milan": 895.9502588189928, "Naples": 1725.0750800397675, "Paris": 1777.445015175932, "Rotterdam": 1778.6037349641404, "Saarbr\u00fccken": 923.1883109884299, "Salzburg": 0.0, "Warsaw": 1728.1177720903622}, "Warsaw": {"Bremen": 1807.6942257402845, "Dresden": 929.1853345597615, "Madrid": 5582.089320815311, "Marseille": 3500.8595541287136, "Milan": 2623.847633916757, "Naples": 3471.5391442376335, "Paris": 2650.2322680508214, "Rotterdam": 1778.7825042588304, "Saarbr\u00fccken": 1804.2046817303956, "Salzburg": 1763.6882563053618, "Warsaw": 0.0}}