{"Bremen": {"Bremen": 0.0, "Dresden": 907.6211830789522, "Madrid": 4788.366658087332, "Marseille": 2651.12068098594, "Milan": 1806.8591990098378, "Naples": 2671.4296054192964, "Paris": 1774.872400399654, "Rotterdam": 933.7753415640307, "Saarbr\u00fccken": 939.4447426454552, "Salzburg": 1797.8887785837262, "Warsaw": 1747.8635450221639}, "Dresden": {"Bremen": 922.8789950319265, "Dresden": 0.0, "Madrid": 4746.794343068303, "Marseille": 2635.7655529681433, "Milan": 1782.479715982647, "Naples": 2641.962360375071, "Paris": 1778.1434252015972, "Rotterdam": 920.3344752839552, "Saarbr\u00fccken": 934.7924162537912, "Salzburg": 894.2925610440731, "Warsaw": 835.9445785149337}, "Madrid": {"Bremen": 4857.297395093896, "Dresden": 4874.179386091955, "Madrid": 0.0, "Marseille": 2161.4171425877266, "Milan": 3106.710895474177, "Naples": 3929.311601645666, "Paris": 3058.7726370154305, "Rotterdam": 3977.524894557793, "Saarbr\u00fccken": 4017.463713478645, "Salzburg": 4015.193182202637, "Warsaw": 5695.6900274880845}, "Marseille": {"Bremen": 2678.017743339889, "Dresden": 2683.7391060107566, "Madrid": 2223.575243882226, "Marseille": 0.0, "Milan": 890.4783112519942, "Naples": 1739.4203806652856, "Paris": 911.3905397569729, "Rotterdam": 1801.2141465060959, "Saarbr\u00fccken": 1819.0256498904228, "Salzburg": 1784.1184176877503, "Warsaw": 3503.7566884349817}, "Milan": {"Bremen": 1811.613903530394, "Dresden": 1785.6239913260947, "Madrid": 3016.570246526687, "Marseille": 876.7134213759125, "Milan": 0.0, "Naples": 874.8935860969385, "Paris": 1776.6499603889295, "Rotterdam": 1830.8154849342518, "Saarbr\u00fccken": 932.376646346959, "Salzburg": 888.808730412533, "Warsaw": 2594.837590091426}, "Naples": {"Bremen": 2690.048789737185, "Dresden": 2670.7816491355443, "Madrid": 3869.878547238793, "Marseille": 1773.6904310831274, "Milan": 894.778353387942, "Naples": 0.0, "Paris": 2670.8522511924584, "Rotterdam": 2705.8949482788553, "Saarbr\u00fccken": 1794.2901494296343, "Salzburg": 1784.309881387086, "Warsaw": 3492.5319364551633}, "Paris": {"Bremen": 1801.5608917576042, "Dresden": 1811.938714353348, "Madrid": 3093.6807050911652, "Marseille": 863.7264136907384, "Milan": 1763.0976013608054, "Naples": 2616.4133688486936, "Paris": 0.0, "Rotterdam": 930.3885325946869, "Saarbr\u00fccken": 929.1385414112808, "Salzburg": 1792.0506908334428, "Warsaw": 2627.130210284844}, "Rotterdam": {"Bremen": 885.8612750977974, "Dresden": 897.6444166457658, "Madrid": 3941.448911536045, "Marseille": 1754.5959863017513, "Milan": 1793.9282365755073, "Naples": 2637.345384654439, "Paris": 918.3748326820084, "Rotterdam": 0.0, "Saarbr\u00fccken": 934.1505624550699, "Salzburg": 1783.9630741225249, "Warsaw": 1722.4508617606816}, "Saarbr\u00fccken": {"Bremen": 900.3653532778831, "Dresden": 910.735906610676, "Madrid": 3907.9461004466475, "Marseille": 1766.4564260657621, "Milan": 900.2609857711184, "Naples": 1755.2847324885054, "Paris": 900.6830974707606, "Rotterdam": 930.8590760174187, "Saarbr\u00fccken": 0.0, "Salzburg": 889.5408810278228, "Warsaw": 1720.5234835684394}, "Salzburg": {"Bremen": 1805.792357834239, "Dresden": 905.781521920267, "Madrid": 3882.934631783575, "Marseille": 1755.3883665086653, "Milan": 886.239358735766, "Naples": 1757.9343855974328, "Paris": 1796.2626673717743, "Rotterdam": 1816.0112309964302, "Saarbr\u00fccken": 960.3722071319331, "Salzburg": 0.0, "Warsaw": 1706.2801286739946}, "Warsaw": {"Bremen": 1790.6299953245225, "Dresden": 905.8632034609774, "Madrid": 5654.402691593006, "Marseille": 3555.247391458216, "Milan": 2667.271509080043, "Naples": 3543.0915516840887, "Paris": 2680.965643844708, "Rotterdam": 1823.9170051742503, "Saarbr\u00fccken": 1838.1549831574841, "Salzburg": 1786.7499610874017, "Warsaw": 0.0}}