{"Bremen": {"Bremen": 0.0, "Dresden": 279.03381656092756, "Madrid": 1441.9031954856646, "Marseille": 823.6945026798671, "Milan": 574.5795141783033, "Naples": 1160.068324288493, "Paris": 549.946472575128, "Rotterdam": 290.2491392916639, "Saarbr\u00fccken": 294.2377524770005, "Salzburg": 576.4388420074341, "Warsaw": 519.9537365876266}, "Dresden": {"Bremen": 279.5560801677217, "Dresden": 0.0, "Madrid": 1443.7976355819824, "Marseille": 833.7193535347016, "Milan": 578.9286819137121, "Naples": 1168.0358782735966, "Paris": 547.9304848763679, "Rotterdam": 284.0932331320798, "Saarbr\u00fccken": 283.8949682206754, "Salzburg": 252.6147378736853, "Warsaw": 198.3783139232762}, "Madrid": {"Bremen": 1537.4201642988944, "Dresden": 1478.6219103559454, "Madrid": 0.0, "Marseille": 513.0749390405496, "Milan": 1181.3233979478084, "Naples": 1458.7033131788087, "Paris": 854.948918525139, "Rotterdam": 1226.3324964373276, "Saarbr\u00fccken": 1244.0108096221516, "Salzburg": 1481.3897384745585, "Warsaw": 2062.8959369222416}, "Marseille": {"Bremen": 909.3563792735525, "Dresden": 875.0778979758433, "Madrid": 514.8240776025118, "Marseille": 0.0, "Milan": 267.6028193344974, "Naples": 561.1781562950542, "Paris": 212.34717484213874, "Rotterdam": 599.8492783009013, "Saarbr\u00fccken": 596.996711205534, "Salzburg": 570.6853484284946, "Warsaw": 1448.3542479417038}, "Milan": {"Bremen": 595.4021528882291, "Dresden": 563.2036429882145, "Madrid": 1143.897984383871, "Marseille": 197.23340646453642, "Milan": 0.0, "Naples": 231.3399755077419, "Paris": 543.1305419578313, "Rotterdam": 595.8133509131853, "Saarbr\u00fccken": 281.69272468861783, "Salzburg": 264.7155262461229, "Warsaw": 833.6069912117598}, "Naples": {"Bremen": 1216.8134231645006, "Dresden": 1171.9158606313463, "Madrid": 1435.9289695555765, "Marseille": 523.320926852809, "Milan": 271.3359799976428, "Naples": 0.0, "Paris": 1204.6336102351167, "Rotterdam": 1214.6068499776404, "Saarbr\u00fccken": 909.7641050534041, "Salzburg": 565.5588638672848, "Warsaw": 1467.382177955196}, "Paris": {"Bremen": 601.9126865195269, "Dresden": 565.9852629081064, "Madrid": 828.541199891228, "Marseille": 193.7977391083892, "Milan": 582.1230920735688, "Naples": 1212.391388146685, "Paris": 0.0, "Rotterdam": 296.002750598307, "Saarbr\u00fccken": 290.2877188509102, "Salzburg": 564.6642707075382, "Warsaw": 1132.6311895855922}, "Rotterdam": {"Bremen": 285.6125235944726, "Dresden": 253.36107902869662, "Madrid": 1129.7886956754144, "Marseille": 513.8145197709512, "Milan": 574.2092736866241, "Naples": 1165.8851622362445, "Paris": 225.3779237299632, "Rotterdam": 0.0, "Saarbr\u00fccken": 286.4955472618256, "Salzburg": 572.9620082056954, "Warsaw": 846.340340020115}, "Saarbr\u00fccken": {"Bremen": 281.10164185661444, "Dresden": 252.42719041891186, "Madrid": 1140.2439351527992, "Marseille": 517.0604132758139, "Milan": 277.0346238105905, "Naples": 860.7107794135705, "Paris": 218.0684930726759, "Rotterdam": 281.0196805295589, "Saarbr\u00fccken": 0.0, "Salzburg": 262.27298864595696, "Warsaw": 837.0454539625637}, "Salzburg": {"Bremen": 593.6881956442759, "Dresden": 263.91449369195976, "Madrid": 1441.9368410406623, "Marseille": 520.6478346515829, "Milan": 266.7986665476687, "Naples": 552.1775783318035, "Paris": 543.2124115120117, "Rotterdam": 615.4517943793892, "Saarbr\u00fccken": 276.8868006947702, "Salzburg": 0.0, "Warsaw": 521.7921818649079}, "Warsaw": {"Bremen": 595.4294142479126, "Dresden": 247.59320488630323, "Madrid": 2067.1424617531634, "Marseille": 1439.2476930740104, "Milan": 889.8556843970802, "Naples": 1462.9667745557904, "Paris": 1150.8145402922132, "Rotterdam": 927.3986914602868, "Saarbr\u00fccken": 909.6227273422763, "Salzburg": 573.4029536551185, "Warsaw": 0.0}}