{"Bremen": {"Bremen": 0.0, "Dresden": 290.25008627287207, "Madrid": 1150.7980257580589, "Marseille": 713.9803773121604, "Milan": 531.8085697433651, "Naples": 733.189014525905, "Paris": 423.46250610396845, "Rotterdam": 284.4127860053563, "Saarbr\u00fccken": 297.595796510266, "Salzburg": 459.0126506357276, "Warsaw": 448.9295306989439}, "Dresden": {"Bremen": 279.4473774499415, "Dresden": 0.0, "Madrid": 1145.470405320954, "Marseille": 660.5503011996562, "Milan": 491.20432467349804, "Naples": 662.236801872092, "Paris": 440.9683207237341, "Rotterdam": 261.2180797602593, "Saarbr\u00fccken": 269.13745742433093, "Salzburg": 267.31563047254934, "Warsaw": 196.64844348845733}, "Madrid": {"Bremen": 1338.474364399981, "Dresden": 1341.5188839273314, "Madrid": 0.0, "Marseille": 548.8269227501831, "Milan": 811.4461651779505, "Naples": 1033.4981692854783, "Paris": 797.69569825583, "Rotterdam": 1077.1817982693499, "Saarbr\u00fccken": 1094.455808286439, "Salzburg": 1067.7883894260635, "Warsaw": 1503.8740315175019}, "Marseille": {"Bremen": 724.92301025296, "Dresden": 773.9793524141902, "Madrid": 523.2410662440727, "Marseille": 0.0, "Milan": 264.18974821574034, "Naples": 438.338260340741, "Paris": 257.7118703206416, "Rotterdam": 525.6010419068033, "Saarbr\u00fccken": 542.4250161472311, "Salzburg": 484.773334692842, "Warsaw": 924.5050785126458}, "Milan": {"Bremen": 518.2281593656749, "Dresden": 514.9967724324754, "Madrid": 734.1808111387018, "Marseille": 256.6497896772402, "Milan": 0.0, "Naples": 220.80062850933822, "Paris": 466.4503617572121, "Rotterdam": 489.9090204053072, "Saarbr\u00fccken": 288.3592115422958, "Salzburg": 260.1571238413487, "Warsaw": 689.0887588420477}, "Naples": {"Bremen": 670.3095751850049, "Dresden": 728.3097105583131, "Madrid": 819.830426957488, "Marseille": 436.25163307566766, "Milan": 250.09979180470452, "Naples": 0.0, "Paris": 719.004844859592, "Rotterdam": 703.8295869346966, "Saarbr\u00fccken": 481.7494222295211, "Salzburg": 449.24367921323915, "Warsaw": 859.6440178952083}, "Paris": {"Bremen": 505.68836802802053, "Dresden": 522.423210461424, "Madrid": 764.5462755934874, "Marseille": 263.6088046959582, "Milan": 455.3255448828547, "Naples": 692.0053228191538, "Paris": 0.0, "Rotterdam": 269.7131706391952, "Saarbr\u00fccken": 305.94131388942276, "Salzburg": 420.28021553364954, "Warsaw": 649.7278407399256}, "Rotterdam": {"Bremen": 262.6915034383392, "Dresden": 284.49522102898106, "Madrid": 974.0237083640218, "Marseille": 482.7738582493172, "Milan": 507.3709411675957, "Naples": 709.8656177204417, "Paris": 257.2197240500518, "Rotterdam": 0.0, "Saarbr\u00fccken": 289.71388010731283, "Salzburg": 433.4760018539668, "Warsaw": 434.30017258787836}, "Saarbr\u00fccken": {"Bremen": 271.83626482864076, "Dresden": 284.95133466538175, "Madrid": 980.4545643167093, "Marseille": 497.9902249203108, "Milan": 265.16689522330324, "Naples": 460.65836953282167, "Paris": 249.53125907926088, "Rotterdam": 241.2884393545586, "Saarbr\u00fccken": 0.0, "Salzburg": 277.5940903119263, "Warsaw": 446.2402310866658}, "Salzburg": {"Bremen": 464.8792896591197, "Dresden": 310.4970930367168, "Madrid": 918.483997450411, "Marseille": 467.7122420669108, "Milan": 252.88001273621794, "Naples": 415.7678501954827, "Paris": 438.4970992592896, "Rotterdam": 519.8253990830983, "Saarbr\u00fccken": 319.4821611169249, "Salzburg": 0.0, "Warsaw": 456.0580183474717}, "Warsaw": {"Bremen": 527.6308519498318, "Dresden": 286.4734645060478, "Madrid": 1414.9696677129034, "Marseille": 958.4837257974048, "Milan": 749.9699492007263, "Naples": 1002.5777679927063, "Paris": 742.8619640427847, "Rotterdam": 560.2863382191745, "Saarbr\u00fccken": 561.1238071435043, "Salzburg": 484.209265417834, "Warsaw": 0.0}}