{"Bremen": {"Bremen": 0.0, "Dresden": 815.8644595184116, "Madrid": 4342.90974844178, "Marseille": 2336.282982518045, "Milan": 1605.8504410153264, "Naples": 2348.7923352932917, "Paris": 1579.0539262449947, "Rotterdam": 828.3821644056355, "Saarbr\u00fccken": 825.1059784379265, "Salzburg": 1594.4255758718696, "Warsaw": 1532.7481423383736}, "Dresden": {"Bremen": 810.4799883932994, "Dresden": 0.0, "Madrid": 4315.690358455938, "Marseille": 2330.621981705095, "Milan": 1549.7010080179157, "Naples": 2312.3972242648615, "Paris": 1584.3684097729142, "Rotterdam": 827.6910334047521, "Saarbr\u00fccken": 817.9612542889455, "Salzburg": 750.047909239792, "Warsaw": 721.2533878513118}, "Madrid": {"Bremen": 4467.0295520325135, "Dresden": 4436.49931434055, "Madrid": 0.0, "Marseille": 2094.470690102417, "Milan": 2865.711684342838, "Naples": 3624.710140803496, "Paris": 2877.0857311008726, "Rotterdam": 3698.222091909474, "Saarbr\u00fccken": 3699.3562217791496, "Salzburg": 3637.0387417607185, "Warsaw": 5181.654025338978}, "Marseille": {"Bremen": 2388.818731089212, "Dresden": 2377.0121161654297, "Madrid": 2015.1356187565768, "Marseille": 0.0, "Milan": 789.7779622291213, "Naples": 1530.0717285596083, "Paris": 783.3408052628428, "Rotterdam": 1616.7923063050753, "Saarbr\u00fccken": 1617.005924313413, "Salzburg": 1559.2369417188202, "Warsaw": 3105.4976055594047}, "Milan": {"Bremen": 1620.6946166170499, "Dresden": 1581.7687700162323, "Madrid": 2782.4387579966638, "Marseille": 782.9019277857421, "Milan": 0.0, "Naples": 778.944981005111, "Paris": 1578.0961532151682, "Rotterdam": 1625.0687833568318, "Saarbr\u00fccken": 816.0799366750158, "Salzburg": 774.635226457885, "Warsaw": 2309.64699874776}, "Naples": {"Bremen": 2387.677257892203, "Dresden": 2375.271780922971, "Madrid": 3563.205010524468, "Marseille": 1572.7726945636339, "Milan": 811.850807555056, "Naples": 0.0, "Paris": 2350.6561420393673, "Rotterdam": 2415.441155469633, "Saarbr\u00fccken": 1602.135219953521, "Salzburg": 1563.9129714108278, "Warsaw": 3099.0469533622036}, "Paris": {"Bremen": 1614.3967785947166, "Dresden": 1622.0783877800743, "Madrid": 2779.554167311768, "Marseille": 780.0893150215272, "Milan": 1587.3614900897512, "Naples": 2316.1211221976123, "Paris": 0.0, "Rotterdam": 825.6708262425923, "Saarbr\u00fccken": 821.1500932627874, "Salzburg": 1596.440029073675, "Warsaw": 2345.1027419590005}, "Rotterdam": {"Bremen": 810.7810517093252, "Dresden": 815.3693067114298, "Madrid": 3563.131903331214, "Marseille": 1556.322495227875, "Milan": 1608.2624845459563, "Naples": 2359.0198723993367, "Paris": 776.2992614186898, "Rotterdam": 0.0, "Saarbr\u00fccken": 823.0648136137722, "Salzburg": 1584.205946930639, "Warsaw": 1546.5512661918935}, "Saarbr\u00fccken": {"Bremen": 804.5427325166664, "Dresden": 823.2646198189756, "Madrid": 3569.3506620593603, "Marseille": 1558.1384153200554, "Milan": 803.2708597857977, "Naples": 1532.125568693393, "Paris": 791.6251800442432, "Rotterdam": 825.7435944170965, "Saarbr\u00fccken": 0.0, "Salzburg": 789.6991167471344, "Warsaw": 1546.48331311933}, "Salzburg": {"Bremen": 1631.1163511581165, "Dresden": 817.7660042398854, "Madrid": 3546.864816170263, "Marseille": 1563.823039293169, "Milan": 803.7022730076354, "Naples": 1537.9223216568598, "Paris": 1579.474933434028, "Rotterdam": 1636.2626390845435, "Saarbr\u00fccken": 815.4397389299048, "Salzburg": 0.0, "Warsaw": 1529.3288328127956}, "Warsaw": {"Bremen": 1641.4545528820424, "Dresden": 820.5018422320799, "Madrid": 5162.416239316422, "Marseille": 3160.124501381985, "Milan": 2377.644404183625, "Naples": 3122.912082875925, "Paris": 2405.450938373265, "Rotterdam": 1623.8193653670244, "Saarbr\u00fccken": 1639.2917605237549, "Salzburg": 1582.9579570240899, "Warsaw": 0.0}}