{"Bremen": {"Bremen": 0.0, "Dresden": 885.0102532859933, "Madrid": 4707.550466632766, "Marseille": 2613.432968900814, "Milan": 1750.737213703585, "Naples": 2576.0807307991226, "Paris": 1752.4000689820944, "Rotterdam": 902.5685708089638, "Saarbr\u00fccken": 910.9637211741725, "Salzburg": 1739.2022638977924, "Warsaw": 1708.6830193677547}, "Dresden": {"Bremen": 871.5282936533455, "Dresden": 0.0, "Madrid": 4679.373573811465, "Marseille": 2577.726820028035, "Milan": 1712.7919600308417, "Naples": 2553.9685065060507, "Paris": 1739.1337824916077, "Rotterdam": 895.5957599591281, "Saarbr\u00fccken": 915.4244790253292, "Salzburg": 843.133582332131, "Warsaw": 822.2395284718255}, "Madrid": {"Bremen": 4795.701733765202, "Dresden": 4789.319283862446, "Madrid": 0.0, "Marseille": 2221.8903005537063, "Milan": 3066.8153864588776, "Naples": 3881.8792980366316, "Paris": 3064.9575097518045, "Rotterdam": 3936.736119390173, "Saarbr\u00fccken": 3946.0846989711736, "Salzburg": 3894.0350253257834, "Warsaw": 5596.201770294456}, "Marseille": {"Bremen": 2627.8747384863536, "Dresden": 2602.3633675531833, "Madrid": 2077.182207927113, "Marseille": 0.0, "Milan": 875.6821005158043, "Naples": 1725.2228381633968, "Paris": 868.6953263425224, "Rotterdam": 1752.7220790033214, "Saarbr\u00fccken": 1760.8655620336128, "Salzburg": 1708.8320576390536, "Warsaw": 3406.544305535514}, "Milan": {"Bremen": 1769.5017374215083, "Dresden": 1735.448828422551, "Madrid": 2947.6218324187016, "Marseille": 871.5628242445733, "Milan": 0.0, "Naples": 869.7620227826783, "Paris": 1715.4794361885524, "Rotterdam": 1780.4964240217123, "Saarbr\u00fccken": 892.6638318028073, "Salzburg": 847.1514862553518, "Warsaw": 2560.6015976801823}, "Naples": {"Bremen": 2637.298294258142, "Dresden": 2616.020356227569, "Madrid": 3795.1190284236786, "Marseille": 1716.785241442848, "Milan": 886.4623786752126, "Naples": 0.0, "Paris": 2590.869854411452, "Rotterdam": 2639.7598025250877, "Saarbr\u00fccken": 1757.2258620772675, "Salzburg": 1716.1548945550633, "Warsaw": 3429.681085026936}, "Paris": {"Bremen": 1759.127793006455, "Dresden": 1760.7012990897647, "Madrid": 2959.852862528839, "Marseille": 889.4559028132137, "Milan": 1743.250341972633, "Naples": 2578.116141502626, "Paris": 0.0, "Rotterdam": 901.3817550308979, "Saarbr\u00fccken": 909.0251532798077, "Salzburg": 1745.437251829643, "Warsaw": 2561.215519800302}, "Rotterdam": {"Bremen": 873.4190361692783, "Dresden": 879.8158518038612, "Madrid": 3823.690380834788, "Marseille": 1740.9258186607942, "Milan": 1755.6932197571384, "Naples": 2591.1262773674634, "Paris": 878.4212834272181, "Rotterdam": 0.0, "Saarbr\u00fccken": 911.4060194426294, "Salzburg": 1743.6103969462793, "Warsaw": 1700.9334291679286}, "Saarbr\u00fccken": {"Bremen": 879.0314142349135, "Dresden": 896.8393784207128, "Madrid": 3815.5675325923594, "Marseille": 1722.6050000868236, "Milan": 874.9536444033572, "Naples": 1699.259668665793, "Paris": 870.5831678884944, "Rotterdam": 898.8145127414323, "Saarbr\u00fccken": 0.0, "Salzburg": 848.2640671092623, "Warsaw": 1724.3593081778804}, "Salzburg": {"Bremen": 1748.4739657940206, "Dresden": 893.4926341088709, "Madrid": 3800.8876247197986, "Marseille": 1723.0532400199309, "Milan": 871.1406499127287, "Naples": 1710.7433491302581, "Paris": 1753.1857794646112, "Rotterdam": 1770.3908858483019, "Saarbr\u00fccken": 905.6399971935186, "Salzburg": 0.0, "Warsaw": 1722.1974748258876}, "Warsaw": {"Bremen": 1763.7740519819042, "Dresden": 871.8302221665066, "Madrid": 5573.018439605838, "Marseille": 3475.853254470624, "Milan": 2606.0435960812756, "Naples": 3438.753803251738, "Paris": 2620.6149028208733, "Rotterdam": 1782.73256113483, "Saarbr\u00fccken": 1793.3051740092965, "Salzburg": 1730.7390535819743, "Warsaw": 0.0}}