{"Bremen": {"Bremen": 0.0, "Dresden": 800.7553641207669, "Madrid": 4209.768748751316, "Marseille": 2247.801205414102, "Milan": 1547.7529699042266, "Naples": 2228.9015433318195, "Paris": 1503.9059799479305, "Rotterdam": 765.3612966428461, "Saarbr\u00fccken": 786.5423486150959, "Salzburg": 1523.4362330579047, "Warsaw": 1462.5224484185408}, "Dresden": {"Bremen": 764.0750723064999, "Dresden": 0.0, "Madrid": 4225.449069895752, "Marseille": 2248.7727851673512, "Milan": 1504.0547571720717, "Naples": 2196.322803723919, "Paris": 1498.9443310211475, "Rotterdam": 751.2059436030463, "Saarbr\u00fccken": 784.7968820764411, "Salzburg": 742.015555159575, "Warsaw": 695.0841595107274}, "Madrid": {"Bremen": 4345.934235325941, "Dresden": 4321.124881678913, "Madrid": 0.0, "Marseille": 2124.6734642626916, "Milan": 2820.4580554041167, "Naples": 3497.957125182241, "Paris": 2835.3889776655474, "Rotterdam": 3580.0806297885706, "Saarbr\u00fccken": 3600.0969688998152, "Salzburg": 3566.139521050936, "Warsaw": 4995.923569988223}, "Marseille": {"Bremen": 2249.743485192414, "Dresden": 2272.692340941918, "Madrid": 2006.6186805242053, "Marseille": 0.0, "Milan": 749.9149109893411, "Naples": 1483.8849674777434, "Paris": 747.6405058330567, "Rotterdam": 1491.902281502775, "Saarbr\u00fccken": 1524.0897095987013, "Salzburg": 1502.5173843907053, "Warsaw": 2944.214700934544}, "Milan": {"Bremen": 1535.969502631704, "Dresden": 1534.8634051849956, "Madrid": 2744.4772856081563, "Marseille": 763.1535141071467, "Milan": 0.0, "Naples": 696.2642730938346, "Paris": 1496.1214265438932, "Rotterdam": 1548.048051588197, "Saarbr\u00fccken": 778.9258268034048, "Salzburg": 743.618693335319, "Warsaw": 2192.3010387537693}, "Naples": {"Bremen": 2281.859734836638, "Dresden": 2265.69541294523, "Madrid": 3446.660388568975, "Marseille": 1486.8236829649277, "Milan": 764.4488373509805, "Naples": 0.0, "Paris": 2238.503584912317, "Rotterdam": 2288.2869070180823, "Saarbr\u00fccken": 1524.9096871085283, "Salzburg": 1498.7069061108782, "Warsaw": 2937.562574559786}, "Paris": {"Bremen": 1501.783448618749, "Dresden": 1529.1138704736934, "Madrid": 2781.31849922403, "Marseille": 788.4828179137761, "Milan": 1512.614184452011, "Naples": 2209.6203847180245, "Paris": 0.0, "Rotterdam": 732.3971112985431, "Saarbr\u00fccken": 792.9014388292433, "Salzburg": 1496.1634132372146, "Warsaw": 2211.9708756294567}, "Rotterdam": {"Bremen": 756.6911120473779, "Dresden": 784.145808560861, "Madrid": 3497.0078744187435, "Marseille": 1509.4112814975106, "Milan": 1523.4361449547039, "Naples": 2233.629741890446, "Paris": 755.5519492025861, "Rotterdam": 0.0, "Saarbr\u00fccken": 787.9198437104404, "Salzburg": 1521.127152493098, "Warsaw": 1454.7757278010408}, "Saarbr\u00fccken": {"Bremen": 755.6730284650017, "Dresden": 798.9522843615724, "Madrid": 3492.7985093087827, "Marseille": 1502.5691245489302, "Milan": 753.9192917887025, "Naples": 1465.6956977694529, "Paris": 748.9406356756627, "Rotterdam": 762.6470358325074, "Saarbr\u00fccken": 0.0, "Salzburg": 747.4782642156949, "Warsaw": 1465.426689360035}, "Salzburg": {"Bremen": 1523.9902798196367, "Dresden": 797.2234008849222, "Madrid": 3476.81017338059, "Marseille": 1496.1193116410043, "Milan": 758.5541967915184, "Naples": 1464.9094559275434, "Paris": 1514.4915189014528, "Rotterdam": 1531.3212202043142, "Saarbr\u00fccken": 789.1423563268934, "Salzburg": 0.0, "Warsaw": 1457.2770414009224}, "Warsaw": {"Bremen": 1522.148815236423, "Dresden": 778.4790913814637, "Madrid": 4979.356234118745, "Marseille": 3007.7394944711223, "Milan": 2270.7458526882415, "Naples": 2971.231189673146, "Paris": 2257.126973035959, "Rotterdam": 1522.1719039271927, "Saarbr\u00fccken": 1550.6489366566107, "Salzburg": 1517.7544883550513, "Warsaw": 0.0}}