{"Bremen": {"Bremen": 0.0, "Dresden": 327.21908993153403, "Madrid": 1395.2203723943521, "Marseille": 855.0928008701562, "Milan": 596.8259806088176, "Naples": 838.8437402615198, "Paris": 589.9155835422689, "Rotterdam": 307.13804590104235, "Saarbr\u00fccken": 319.8243042621031, "Salzburg": 586.8512464125837, "Warsaw": 557.742022633199}, "Dresden": {"Bremen": 305.6190751668284, "Dresden": 0.0, "Madrid": 1372.9030336096268, "Marseille": 841.9504514740172, "Milan": 578.4147380200294, "Naples": 814.5533479356793, "Paris": 588.1328288821434, "Rotterdam": 312.55752162637924, "Saarbr\u00fccken": 316.0195751126583, "Salzburg": 302.5474264257839, "Warsaw": 261.1920153272614}, "Madrid": {"Bremen": 1453.6919803036124, "Dresden": 1451.8839721720187, "Madrid": 0.0, "Marseille": 592.1182297214962, "Milan": 876.9817186141125, "Naples": 1134.2900197539575, "Paris": 865.6753670551178, "Rotterdam": 1149.9606444599133, "Saarbr\u00fccken": 1182.1386741690949, "Salzburg": 1146.8968980339832, "Warsaw": 1666.6397115738262}, "Marseille": {"Bremen": 878.0237744920311, "Dresden": 878.7844634053884, "Madrid": 546.8658937587898, "Marseille": 0.0, "Milan": 296.42146245814223, "Naples": 544.0227315197187, "Paris": 285.5337801653894, "Rotterdam": 570.5913226064182, "Saarbr\u00fccken": 599.1858768627884, "Salzburg": 564.3831363234002, "Warsaw": 1082.7524238602566}, "Milan": {"Bremen": 590.1819636495894, "Dresden": 585.0424484289213, "Madrid": 823.9714595878976, "Marseille": 289.41977948277423, "Milan": 0.0, "Naples": 303.3538052328335, "Paris": 584.246716624614, "Rotterdam": 598.2307653146394, "Saarbr\u00fccken": 298.5785538063978, "Salzburg": 294.07304830366104, "Warsaw": 796.36188318851}, "Naples": {"Bremen": 873.4155073346675, "Dresden": 873.136532704908, "Madrid": 1108.7858163124095, "Marseille": 569.9763148111434, "Milan": 275.8565458610704, "Naples": 0.0, "Paris": 907.541665941408, "Rotterdam": 855.145610950328, "Saarbr\u00fccken": 579.3909595696078, "Salzburg": 574.8830765624456, "Warsaw": 1117.6360022721055}, "Paris": {"Bremen": 600.2256290095081, "Dresden": 604.1079726023581, "Madrid": 836.6800566036304, "Marseille": 287.7023682276608, "Milan": 577.1995206559714, "Naples": 875.1841869406778, "Paris": 0.0, "Rotterdam": 310.11614679749647, "Saarbr\u00fccken": 318.0834558072744, "Salzburg": 584.1976766311632, "Warsaw": 830.7875202714947}, "Rotterdam": {"Bremen": 313.6294639978499, "Dresden": 297.5749913713898, "Madrid": 1130.350278019985, "Marseille": 589.4892007943012, "Milan": 595.7387399537827, "Naples": 842.0263182913524, "Paris": 285.9490813773874, "Rotterdam": 0.0, "Saarbr\u00fccken": 328.28663037222935, "Salzburg": 596.8001556228588, "Warsaw": 539.2559926186191}, "Saarbr\u00fccken": {"Bremen": 318.18069194653236, "Dresden": 313.5572334182209, "Madrid": 1104.9904044470932, "Marseille": 560.6716244217522, "Milan": 298.42830396479394, "Naples": 531.4265043419058, "Paris": 291.2240803364449, "Rotterdam": 309.11205325677446, "Saarbr\u00fccken": 0.0, "Salzburg": 302.4869667269692, "Warsaw": 527.3786731837927}, "Salzburg": {"Bremen": 610.9834727936403, "Dresden": 306.50423414835166, "Madrid": 1108.20429522852, "Marseille": 561.563648494796, "Milan": 286.8451688838082, "Naples": 545.870500246835, "Paris": 590.1653839863739, "Rotterdam": 611.0405193134052, "Saarbr\u00fccken": 311.1850766245442, "Salzburg": 0.0, "Warsaw": 536.6747350371058}, "Warsaw": {"Bremen": 597.495151054953, "Dresden": 313.7030529042929, "Madrid": 1666.0261656493979, "Marseille": 1124.6955439012797, "Milan": 853.7748305464327, "Naples": 1146.325877002657, "Paris": 874.4039836240211, "Rotterdam": 597.8530525826592, "Saarbr\u00fccken": 616.8861690234843, "Salzburg": 579.0874082333562, "Warsaw": 0.0}}