{"Bremen": {"Bremen": 0.0, "Dresden": 955.9578162453763, "Madrid": 4890.284725370007, "Marseille": 2730.127879944057, "Milan": 1894.4586372587892, "Naples": 2752.9023152655154, "Paris": 1833.3643086617772, "Rotterdam": 954.2574127302415, "Saarbr\u00fccken": 927.6628537349397, "Salzburg": 1838.3455474208936, "Warsaw": 1818.3071069592656}, "Dresden": {"Bremen": 937.6353074020353, "Dresden": 0.0, "Madrid": 4937.916823434775, "Marseille": 2760.884188157385, "Milan": 1837.420775931411, "Naples": 2708.6100448944635, "Paris": 1855.7021281760776, "Rotterdam": 939.3846640608873, "Saarbr\u00fccken": 971.7971876306756, "Salzburg": 898.5902973571418, "Warsaw": 881.921414511319}, "Madrid": {"Bremen": 4979.70532048505, "Dresden": 5041.1263177774645, "Madrid": 0.0, "Marseille": 2273.455362158122, "Milan": 3210.436741855381, "Naples": 4054.579251552415, "Paris": 3173.4182417660386, "Rotterdam": 4073.446182157949, "Saarbr\u00fccken": 4088.5307886688925, "Salzburg": 4116.713798238507, "Warsaw": 5857.321074095954}, "Marseille": {"Bremen": 2777.786305252019, "Dresden": 2786.707204935521, "Madrid": 2176.4792262124843, "Marseille": 0.0, "Milan": 931.824384975071, "Naples": 1810.276331334457, "Paris": 955.3286319351624, "Rotterdam": 1848.7744838097922, "Saarbr\u00fccken": 1871.5581169367133, "Salzburg": 1855.5975665416127, "Warsaw": 3629.382434782571}, "Milan": {"Bremen": 1864.2294418275505, "Dresden": 1853.2319966423777, "Madrid": 3105.1739761031395, "Marseille": 920.9712343789652, "Milan": 0.0, "Naples": 899.5649234951874, "Paris": 1810.0900120410317, "Rotterdam": 1890.6195921729307, "Saarbr\u00fccken": 942.0021550429653, "Salzburg": 902.1534576211955, "Warsaw": 2708.190505570226}, "Naples": {"Bremen": 2791.7928184897864, "Dresden": 2779.017518747331, "Madrid": 3972.8877640315945, "Marseille": 1848.1867284359794, "Milan": 934.5100137298009, "Naples": 0.0, "Paris": 2744.119925674845, "Rotterdam": 2805.2937420448925, "Saarbr\u00fccken": 1883.086608774055, "Salzburg": 1834.423336930148, "Warsaw": 3626.561931577479}, "Paris": {"Bremen": 1867.8122978287402, "Dresden": 1874.2008730304372, "Madrid": 3057.431974042385, "Marseille": 943.5908337882014, "Milan": 1838.6043795802245, "Naples": 2714.265552706947, "Paris": 0.0, "Rotterdam": 935.391933760245, "Saarbr\u00fccken": 950.9713942289729, "Salzburg": 1838.0578833687714, "Warsaw": 2704.3344781833553}, "Rotterdam": {"Bremen": 962.4550112202046, "Dresden": 957.298508228539, "Madrid": 3973.763793681739, "Marseille": 1825.6266296834344, "Milan": 1896.9275366436534, "Naples": 2752.080458061826, "Paris": 936.2865961021919, "Rotterdam": 0.0, "Saarbr\u00fccken": 943.619968573515, "Salzburg": 1848.9239616690775, "Warsaw": 1794.9224968657932}, "Saarbr\u00fccken": {"Bremen": 943.7146062799454, "Dresden": 963.6588845718703, "Madrid": 3984.2124693735814, "Marseille": 1852.3828566925638, "Milan": 939.525363625312, "Naples": 1819.0228738950088, "Paris": 923.6027666635598, "Rotterdam": 931.1189191102164, "Saarbr\u00fccken": 0.0, "Salzburg": 905.5079046786028, "Warsaw": 1820.4958053448158}, "Salzburg": {"Bremen": 1869.9805859583641, "Dresden": 959.4430573351844, "Madrid": 4032.4816918027864, "Marseille": 1860.5123338263254, "Milan": 937.7758171999612, "Naples": 1811.3017160548795, "Paris": 1859.9166203025661, "Rotterdam": 1876.6773747611396, "Saarbr\u00fccken": 927.066542087283, "Salzburg": 0.0, "Warsaw": 1808.0430175563965}, "Warsaw": {"Bremen": 1869.8950495544552, "Dresden": 943.9290752757302, "Madrid": 5837.630633297378, "Marseille": 3692.028299661931, "Milan": 2777.3874814662277, "Naples": 3635.700960374025, "Paris": 2798.9680667045036, "Rotterdam": 1874.8781776658216, "Saarbr\u00fccken": 1884.5337201484872, "Salzburg": 1838.8120990960833, "Warsaw": 0.0}}