{"Bremen": {"Bremen": 0.0, "Dresden": 295.55188283188033, "Madrid": 1273.7632809825966, "Marseille": 773.8272940509588, "Milan": 566.1946233504779, "Naples": 759.3753208800222, "Paris": 523.9907820700626, "Rotterdam": 281.8228471677477, "Saarbr\u00fccken": 301.4779358236997, "Salzburg": 528.7475226750994, "Warsaw": 482.9274858158706}, "Dresden": {"Bremen": 267.5474755169932, "Dresden": 0.0, "Madrid": 1296.0353229335658, "Marseille": 785.4278906049057, "Milan": 538.5881456723677, "Naples": 724.8766348505424, "Paris": 531.2306150366384, "Rotterdam": 275.48894817780575, "Saarbr\u00fccken": 295.325489521637, "Salzburg": 268.6745484987698, "Warsaw": 197.72184567351874}, "Madrid": {"Bremen": 1368.281059403022, "Dresden": 1370.2704395095202, "Madrid": 0.0, "Marseille": 573.6427447843205, "Milan": 841.3938597005045, "Naples": 1044.791002649696, "Paris": 826.8861553383352, "Rotterdam": 1108.0622222079717, "Saarbr\u00fccken": 1111.502765762553, "Salzburg": 1078.4009679790781, "Warsaw": 1566.9939482285201}, "Marseille": {"Bremen": 811.3800021325734, "Dresden": 799.3668621237669, "Madrid": 498.98509245381024, "Marseille": 0.0, "Milan": 281.82514391177483, "Naples": 480.66221531587627, "Paris": 270.8586441595226, "Rotterdam": 535.2103101044482, "Saarbr\u00fccken": 543.3683127443219, "Salzburg": 513.6054327819445, "Warsaw": 988.3001219685492}, "Milan": {"Bremen": 558.5266985227036, "Dresden": 536.3861379468669, "Madrid": 763.2747753930404, "Marseille": 256.01295775867305, "Milan": 0.0, "Naples": 214.65336867304094, "Paris": 511.88718999837266, "Rotterdam": 567.4088137060521, "Saarbr\u00fccken": 281.0202994279447, "Salzburg": 255.82003073734876, "Warsaw": 723.3821701788225}, "Naples": {"Bremen": 802.6701590191301, "Dresden": 803.3133081154361, "Madrid": 1022.4741219265871, "Marseille": 511.5658915881736, "Milan": 280.5670808616416, "Naples": 0.0, "Paris": 840.2065191605544, "Rotterdam": 813.4353754981579, "Saarbr\u00fccken": 537.1631893903321, "Salzburg": 521.8067774659445, "Warsaw": 1016.704994692074}, "Paris": {"Bremen": 552.8606746474105, "Dresden": 558.1219524241938, "Madrid": 759.8640254225081, "Marseille": 252.75152684586254, "Milan": 522.6132608353341, "Naples": 810.8555937644137, "Paris": 0.0, "Rotterdam": 294.62255538358136, "Saarbr\u00fccken": 307.53588647414807, "Salzburg": 541.364808398007, "Warsaw": 742.6140754973654}, "Rotterdam": {"Bremen": 272.7911577202144, "Dresden": 277.9569612278879, "Madrid": 1021.2110199467475, "Marseille": 536.4460672449385, "Milan": 562.505741672266, "Naples": 782.1927948754131, "Paris": 297.95292992721494, "Rotterdam": 0.0, "Saarbr\u00fccken": 292.310857039463, "Salzburg": 526.4486368220229, "Warsaw": 468.16428959692587}, "Saarbr\u00fccken": {"Bremen": 267.09510621740316, "Dresden": 291.40040610790913, "Madrid": 1019.154573717768, "Marseille": 508.22733017928954, "Milan": 281.7530044710996, "Naples": 477.0518225029034, "Paris": 251.87904918842122, "Rotterdam": 289.1761483706264, "Saarbr\u00fccken": 0.0, "Salzburg": 262.8745121764883, "Warsaw": 474.2448204439816}, "Salzburg": {"Bremen": 541.5955360238005, "Dresden": 292.9955333798958, "Madrid": 1030.9645199797606, "Marseille": 518.0109395747393, "Milan": 279.2170717634533, "Naples": 483.76284084937083, "Paris": 547.6804057722032, "Rotterdam": 549.7864221204389, "Saarbr\u00fccken": 288.89425781898433, "Salzburg": 0.0, "Warsaw": 483.30120135729885}, "Warsaw": {"Bremen": 557.1024748788639, "Dresden": 283.0414148326876, "Madrid": 1547.5960846977534, "Marseille": 1040.0367362889783, "Milan": 805.8669994155597, "Naples": 1025.7876852247189, "Paris": 804.6493323433048, "Rotterdam": 544.6787849321208, "Saarbr\u00fccken": 569.5194128449464, "Salzburg": 534.3156756158695, "Warsaw": 0.0}}