{"Bremen": {"Bremen": 0.0, "Dresden": 461.57000515193243, "Madrid": 1994.7624442717872, "Marseille": 1186.9075292530804, "Milan": 882.5848629964457, "Naples": 1188.4066477267954, "Paris": 816.9812840435528, "Rotterdam": 457.4663795724122, "Saarbr\u00fccken": 448.21379422779376, "Salzburg": 843.5429682480467, "Warsaw": 732.9141704127279}, "Dresden": {"Bremen": 425.3715568680625, "Dresden": 0.0, "Madrid": 1963.7335147586195, "Marseille": 1168.176963773749, "Milan": 812.038559154436, "Naples": 1120.605189349356, "Paris": 811.2525166336999, "Rotterdam": 418.48404561243063, "Saarbr\u00fccken": 478.59181864027687, "Salzburg": 397.0299566789643, "Warsaw": 300.6639965275088}, "Madrid": {"Bremen": 2131.8840970142987, "Dresden": 2119.28395359642, "Madrid": 0.0, "Marseille": 886.0734322820432, "Milan": 1309.89772144212, "Naples": 1627.9004261284322, "Paris": 1262.9930739170964, "Rotterdam": 1692.2994497279935, "Saarbr\u00fccken": 1710.7747065042001, "Salzburg": 1693.085472464887, "Warsaw": 2391.6492418019297}, "Marseille": {"Bremen": 1245.9170008088793, "Dresden": 1221.5528543991122, "Madrid": 822.7013015078123, "Marseille": 0.0, "Milan": 425.17223919342314, "Naples": 737.6047805868888, "Paris": 415.0476868367521, "Rotterdam": 817.3563687492518, "Saarbr\u00fccken": 856.4529116789217, "Salzburg": 813.1938540375287, "Warsaw": 1519.0141679280493}, "Milan": {"Bremen": 864.4979748671334, "Dresden": 853.0803378356836, "Madrid": 1183.5995977833481, "Marseille": 365.6198766782915, "Milan": 0.0, "Naples": 314.31169416608407, "Paris": 789.6430850587358, "Rotterdam": 854.8344854228665, "Saarbr\u00fccken": 455.84100297515937, "Salzburg": 409.2494597996867, "Warsaw": 1126.0766225175485}, "Naples": {"Bremen": 1233.819590568481, "Dresden": 1241.9881241508976, "Madrid": 1589.8199927807416, "Marseille": 790.0244820424102, "Milan": 475.5246450540136, "Naples": 0.0, "Paris": 1313.2769414130023, "Rotterdam": 1263.8218931034287, "Saarbr\u00fccken": 833.6427499152509, "Salzburg": 801.1028204359128, "Warsaw": 1622.0548148025287}, "Paris": {"Bremen": 859.4866287082431, "Dresden": 846.6417923751043, "Madrid": 1175.7735757159787, "Marseille": 391.6448235797131, "Milan": 805.5165843252482, "Naples": 1198.0067359357367, "Paris": 0.0, "Rotterdam": 437.6643354982204, "Saarbr\u00fccken": 469.2584771953782, "Salzburg": 830.0998521856117, "Warsaw": 1146.9567221977088}, "Rotterdam": {"Bremen": 443.4859066359915, "Dresden": 462.82168217651827, "Madrid": 1566.4019029718243, "Marseille": 800.0191285983004, "Milan": 877.8670664465172, "Naples": 1215.9335379129948, "Paris": 425.7138701983499, "Rotterdam": 0.0, "Saarbr\u00fccken": 457.6051379134813, "Salzburg": 838.5170746262212, "Warsaw": 751.7798634715547}, "Saarbr\u00fccken": {"Bremen": 405.169368369928, "Dresden": 458.2442972979571, "Madrid": 1570.2945365277567, "Marseille": 770.6709637766821, "Milan": 451.84359539823515, "Naples": 747.598261692877, "Paris": 439.0579258968154, "Rotterdam": 438.8022546882306, "Saarbr\u00fccken": 0.0, "Salzburg": 444.1012268338706, "Warsaw": 739.5723763177207}, "Salzburg": {"Bremen": 851.7756226465478, "Dresden": 453.03160651656805, "Madrid": 1572.9148500282975, "Marseille": 754.342557990804, "Milan": 426.44403298760966, "Naples": 752.5568372825384, "Paris": 834.3077500053364, "Rotterdam": 839.964268504349, "Saarbr\u00fccken": 463.02924899223257, "Salzburg": 0.0, "Warsaw": 732.9509052540784}, "Warsaw": {"Bremen": 855.2643225378857, "Dresden": 451.31651523511147, "Madrid": 2390.9480250933325, "Marseille": 1593.0898512939532, "Milan": 1244.5930545897834, "Naples": 1618.3062709599067, "Paris": 1230.419972583782, "Rotterdam": 852.4977052349313, "Saarbr\u00fccken": 892.4833398198514, "Salzburg": 834.3814137232923, "Warsaw": 0.0}}