{"Bremen": {"Bremen": 0.0, "Dresden": 292.95731616933773, "Madrid": 1715.1568905813806, "Marseille": 982.8565853947118, "Milan": 688.6053783721159, "Naples": 1379.5129077525205, "Paris": 636.5739122298755, "Rotterdam": 315.84157330616983, "Saarbr\u00fccken": 337.31359261217347, "Salzburg": 663.4459165214569, "Warsaw": 614.6138512209014}, "Dresden": {"Bremen": 339.848772813421, "Dresden": 0.0, "Madrid": 1701.2996065159575, "Marseille": 981.7456806120902, "Milan": 679.1787327034014, "Naples": 1375.8617792326963, "Paris": 642.8516357611189, "Rotterdam": 315.05663006843565, "Saarbr\u00fccken": 326.6072291110514, "Salzburg": 275.01451648512824, "Warsaw": 227.3500770024467}, "Madrid": {"Bremen": 1820.546737672422, "Dresden": 1743.6004267956025, "Madrid": 0.0, "Marseille": 613.143026746676, "Milan": 1415.142093026728, "Naples": 1728.5901114259434, "Paris": 1014.5573073359355, "Rotterdam": 1445.3831067207707, "Saarbr\u00fccken": 1450.9962833938491, "Salzburg": 1746.6139520855152, "Warsaw": 2417.5780637520666}, "Marseille": {"Bremen": 1067.4218690401588, "Dresden": 1025.4515621937448, "Madrid": 608.38866926924, "Marseille": 0.0, "Milan": 294.1638472500056, "Naples": 657.161819333993, "Paris": 256.55578047939923, "Rotterdam": 711.6386559069691, "Saarbr\u00fccken": 703.4630528999794, "Salzburg": 659.5772296291249, "Warsaw": 1710.4897421969188}, "Milan": {"Bremen": 708.9848465237588, "Dresden": 669.892828802675, "Madrid": 1351.2888941922781, "Marseille": 228.35212365102535, "Milan": 0.0, "Naples": 271.8624859138332, "Paris": 640.8578854217446, "Rotterdam": 710.2784454667983, "Saarbr\u00fccken": 328.3499666583247, "Salzburg": 285.0034271461476, "Warsaw": 982.0811466362214}, "Naples": {"Bremen": 1447.291471709734, "Dresden": 1381.9282287530768, "Madrid": 1707.8028211919695, "Marseille": 616.839433418215, "Milan": 296.2185795639155, "Naples": 0.0, "Paris": 1420.9690322272431, "Rotterdam": 1440.2758560152781, "Saarbr\u00fccken": 1082.4599612994257, "Salzburg": 665.9897219603378, "Warsaw": 1738.5882096786195}, "Paris": {"Bremen": 707.7228886770333, "Dresden": 661.2747301879259, "Madrid": 987.3607854359547, "Marseille": 231.9514203561023, "Milan": 674.9922073243331, "Naples": 1415.1447102419438, "Paris": 0.0, "Rotterdam": 326.7291721503303, "Saarbr\u00fccken": 331.6248489989211, "Salzburg": 655.0557827291237, "Warsaw": 1349.928136479598}, "Rotterdam": {"Bremen": 330.9347796569256, "Dresden": 290.29627726328596, "Madrid": 1353.9228898072895, "Marseille": 614.4660312442473, "Milan": 677.2475404613547, "Naples": 1382.7475053193887, "Paris": 240.9873134171886, "Rotterdam": 0.0, "Saarbr\u00fccken": 326.82863169216535, "Salzburg": 658.5887706921591, "Warsaw": 977.101440327138}, "Saarbr\u00fccken": {"Bremen": 334.1340413406619, "Dresden": 279.4748908733298, "Madrid": 1358.0412046919866, "Marseille": 603.5221219931194, "Milan": 310.21813315819935, "Naples": 1018.4714616120851, "Paris": 260.1943843805198, "Rotterdam": 343.05913227993557, "Saarbr\u00fccken": 0.0, "Salzburg": 289.76806788083405, "Warsaw": 985.3750213421989}, "Salzburg": {"Bremen": 708.8743730007523, "Dresden": 301.29597514874433, "Madrid": 1711.8052866966466, "Marseille": 608.945145982228, "Milan": 313.92859819571646, "Naples": 643.5600406579366, "Paris": 647.2799736592171, "Rotterdam": 694.609273501102, "Saarbr\u00fccken": 329.8695455787129, "Salzburg": 0.0, "Warsaw": 612.1551017700975}, "Warsaw": {"Bremen": 702.5321408447115, "Dresden": 269.9028468090878, "Madrid": 2437.2071205113775, "Marseille": 1700.1246311710343, "Milan": 1042.5720438608125, "Naples": 1772.4420036373797, "Paris": 1368.6607864117827, "Rotterdam": 1081.262301230069, "Saarbr\u00fccken": 1071.0528021995672, "Salzburg": 662.8769750492786, "Warsaw": 0.0}}