{"Bremen": {"Bremen": 0.0, "Dresden": 966.2632792171586, "Madrid": 5076.006475973524, "Marseille": 2895.637145427039, "Milan": 1982.5681730254134, "Naples": 2891.278116808817, "Paris": 1943.0971411609432, "Rotterdam": 1003.8849717083248, "Saarbr\u00fccken": 1024.2414617928023, "Salzburg": 1938.9431445517073, "Warsaw": 1903.246546090881}, "Dresden": {"Bremen": 1013.7816300139488, "Dresden": 0.0, "Madrid": 5050.782142331495, "Marseille": 2885.245621536146, "Milan": 1980.7315678366185, "Naples": 2856.6487557129685, "Paris": 1922.2586719966507, "Rotterdam": 1004.3893703411707, "Saarbr\u00fccken": 995.711906472662, "Salzburg": 956.6265650270745, "Warsaw": 970.5006677761116}, "Madrid": {"Bremen": 5182.326307173496, "Dresden": 5199.381814364643, "Madrid": 0.0, "Marseille": 2245.371711639014, "Milan": 3243.260866117428, "Naples": 4176.828605428004, "Paris": 3240.6380445228174, "Rotterdam": 4209.65147804801, "Saarbr\u00fccken": 4222.9063101791535, "Salzburg": 4207.200026817839, "Warsaw": 6090.8869824343265}, "Marseille": {"Bremen": 2909.5408050338706, "Dresden": 2930.4426209130474, "Madrid": 2215.5003498041838, "Marseille": 0.0, "Milan": 1016.3129392904642, "Naples": 1907.8805783935043, "Paris": 986.9828568412465, "Rotterdam": 1966.6594888319596, "Saarbr\u00fccken": 1987.971101642151, "Salzburg": 1944.066752176896, "Warsaw": 3833.6177205875024}, "Milan": {"Bremen": 1992.1789472335522, "Dresden": 1953.4529459903597, "Madrid": 3117.1654838784134, "Marseille": 955.2935564280967, "Milan": 0.0, "Naples": 949.3373705418503, "Paris": 1920.1818918094998, "Rotterdam": 1981.719362283355, "Saarbr\u00fccken": 995.3874751808924, "Salzburg": 970.0376523041963, "Warsaw": 2851.564667289982}, "Naples": {"Bremen": 2933.185912848034, "Dresden": 2912.8824047287903, "Madrid": 4144.061952642072, "Marseille": 1946.1065151582823, "Milan": 1015.3118810725169, "Naples": 0.0, "Paris": 2895.6580295686326, "Rotterdam": 2931.5538388964733, "Saarbr\u00fccken": 1930.2685844250839, "Salzburg": 1944.82019556215, "Warsaw": 3820.3125791435104}, "Paris": {"Bremen": 1959.8139733064972, "Dresden": 1964.12926797363, "Madrid": 3121.2091275679345, "Marseille": 942.3831353007145, "Milan": 1939.0897191815543, "Naples": 2848.9476873051726, "Paris": 0.0, "Rotterdam": 1007.5582963896787, "Saarbr\u00fccken": 1012.1869845535672, "Salzburg": 1966.8567289239631, "Warsaw": 2880.1320510078654}, "Rotterdam": {"Bremen": 1017.5454880129262, "Dresden": 964.1304259946678, "Madrid": 4072.0693709643856, "Marseille": 1923.4013775778262, "Milan": 1961.3675616571281, "Naples": 2897.4252178294323, "Paris": 1014.4558824355785, "Rotterdam": 0.0, "Saarbr\u00fccken": 989.5653912394508, "Salzburg": 1944.1845975303215, "Warsaw": 1907.2872803760388}, "Saarbr\u00fccken": {"Bremen": 1011.6727700597402, "Dresden": 956.0715264266017, "Madrid": 4086.8189646968535, "Marseille": 1919.4382596630296, "Milan": 1007.7955307235936, "Naples": 1913.1199373186016, "Paris": 987.1568078639642, "Rotterdam": 1014.6285917640337, "Saarbr\u00fccken": 0.0, "Salzburg": 970.1489739471607, "Warsaw": 1900.7433715114416}, "Salzburg": {"Bremen": 1961.2195722775891, "Dresden": 963.7151126767509, "Madrid": 4128.612821083767, "Marseille": 1925.7719206328613, "Milan": 1020.8821276768256, "Naples": 1897.7522638217733, "Paris": 1957.09540908086, "Rotterdam": 1973.4625366511013, "Saarbr\u00fccken": 1023.8234969171824, "Salzburg": 0.0, "Warsaw": 1903.7775109603988}, "Warsaw": {"Bremen": 1952.9249410739326, "Dresden": 976.3798003619067, "Madrid": 6042.207111113804, "Marseille": 3859.621437657286, "Milan": 2934.530366203459, "Naples": 3851.282247945461, "Paris": 2903.5154917338195, "Rotterdam": 1966.5119823758482, "Saarbr\u00fccken": 1981.7886836252956, "Salzburg": 1931.7492141879625, "Warsaw": 0.0}}