{"Bremen": {"Bremen": 0.0, "Dresden": 340.50392065668274, "Madrid": 1486.7108217785567, "Marseille": 884.4023595093072, "Milan": 640.3694935970151, "Naples": 876.7328168014267, "Paris": 614.6824815898407, "Rotterdam": 342.0722901847932, "Saarbr\u00fccken": 364.1434125661363, "Salzburg": 624.9375626804159, "Warsaw": 560.9607252568659}, "Dresden": {"Bremen": 309.1474447572088, "Dresden": 0.0, "Madrid": 1445.319297626779, "Marseille": 849.3014645011642, "Milan": 586.7880374160518, "Naples": 852.6433865981771, "Paris": 611.7808728071385, "Rotterdam": 317.01172598525363, "Saarbr\u00fccken": 330.4274724445191, "Salzburg": 276.2255336462518, "Warsaw": 231.70954430902984}, "Madrid": {"Bremen": 1575.480665471317, "Dresden": 1591.4518589383151, "Madrid": 0.0, "Marseille": 658.8244340260242, "Milan": 984.2221867018163, "Naples": 1212.7863617882756, "Paris": 945.7753808422615, "Rotterdam": 1272.897805149171, "Saarbr\u00fccken": 1290.0656464357685, "Salzburg": 1262.8687046321497, "Warsaw": 1808.5602684703106}, "Marseille": {"Bremen": 907.212109580889, "Dresden": 917.7524720526651, "Madrid": 611.0923006942328, "Marseille": 0.0, "Milan": 331.9405269191366, "Naples": 565.9089468768934, "Paris": 268.5761186711046, "Rotterdam": 605.8055380074404, "Saarbr\u00fccken": 637.3370450425434, "Salzburg": 597.9225419249445, "Warsaw": 1145.825088400461}, "Milan": {"Bremen": 645.6972109122877, "Dresden": 597.343083042122, "Madrid": 880.2801712911356, "Marseille": 285.24882193858537, "Milan": 0.0, "Naples": 250.32195800153502, "Paris": 597.8119807799674, "Rotterdam": 658.2829745248666, "Saarbr\u00fccken": 339.91189059492746, "Salzburg": 286.203950083132, "Warsaw": 834.3855014071909}, "Naples": {"Bremen": 935.5445244574843, "Dresden": 913.9837067545205, "Madrid": 1188.9107463967646, "Marseille": 586.2666515161332, "Milan": 335.90492292342446, "Naples": 0.0, "Paris": 942.7743249246233, "Rotterdam": 971.6975298747118, "Saarbr\u00fccken": 630.6515518116339, "Salzburg": 595.7249277720579, "Warsaw": 1174.4573093806073}, "Paris": {"Bremen": 625.6354458959908, "Dresden": 636.7454346817784, "Madrid": 878.2917197986181, "Marseille": 286.5413352287714, "Milan": 597.5611591955949, "Naples": 896.2324058704407, "Paris": 0.0, "Rotterdam": 327.902047201083, "Saarbr\u00fccken": 350.6770244822233, "Salzburg": 625.646906353929, "Warsaw": 854.152999236997}, "Rotterdam": {"Bremen": 326.7302953495804, "Dresden": 335.36940303279454, "Madrid": 1168.9796485832105, "Marseille": 562.209691320864, "Milan": 653.5742754523371, "Naples": 888.8690872199805, "Paris": 290.03116795645377, "Rotterdam": 0.0, "Saarbr\u00fccken": 358.66420033339784, "Salzburg": 624.3631935711464, "Warsaw": 557.0500012473112}, "Saarbr\u00fccken": {"Bremen": 340.4157591779051, "Dresden": 340.9422415629847, "Madrid": 1171.2988545770334, "Marseille": 561.4164849277105, "Milan": 314.5465995477136, "Naples": 556.4327732416607, "Paris": 304.039264187047, "Rotterdam": 334.7055032817417, "Saarbr\u00fccken": 0.0, "Salzburg": 286.35422111259254, "Warsaw": 554.8292295796728}, "Salzburg": {"Bremen": 646.8176015076009, "Dresden": 342.00106663557955, "Madrid": 1167.7703212493986, "Marseille": 581.2912506347391, "Milan": 331.56548993553747, "Naples": 571.7899188119504, "Paris": 636.353885382356, "Rotterdam": 633.119301917924, "Saarbr\u00fccken": 367.57446679545126, "Salzburg": 0.0, "Warsaw": 560.4024589163154}, "Warsaw": {"Bremen": 657.7319062325998, "Dresden": 351.4399118829607, "Madrid": 1766.0682895708007, "Marseille": 1171.397336910726, "Milan": 918.2465094280955, "Naples": 1190.8791922871821, "Paris": 938.184944785205, "Rotterdam": 639.0424338564169, "Saarbr\u00fccken": 664.8345492051848, "Salzburg": 609.2408661860538, "Warsaw": 0.0}}