{"Bremen": {"Bremen": 0.0, "Dresden": 945.3593243971286, "Madrid": 4908.714673700243, "Marseille": 2787.6953515030555, "Milan": 1905.3103318573355, "Naples": 2808.0445426398646, "Paris": 1867.6709035736073, "Rotterdam": 948.7534480733356, "Saarbr\u00fccken": 988.4894262847243, "Salzburg": 1859.874638695924, "Warsaw": 1803.7078302732705}, "Dresden": {"Bremen": 974.1255503483482, "Dresden": 0.0, "Madrid": 4900.760158852531, "Marseille": 2763.316188465434, "Milan": 1844.1599170642846, "Naples": 2733.791916216098, "Paris": 1853.9547459029036, "Rotterdam": 961.2021622807495, "Saarbr\u00fccken": 984.8373775593552, "Salzburg": 915.8649607789592, "Warsaw": 868.6700286273137}, "Madrid": {"Bremen": 5040.743510647928, "Dresden": 5042.589914142568, "Madrid": 0.0, "Marseille": 2217.1949458914705, "Milan": 3163.6024224019648, "Naples": 4056.7062650485873, "Paris": 3159.40959069531, "Rotterdam": 4113.226542444807, "Saarbr\u00fccken": 4112.2653781951485, "Salzburg": 4067.0912018068066, "Warsaw": 5893.710713869002}, "Marseille": {"Bremen": 2809.5465831047204, "Dresden": 2797.929376752605, "Madrid": 2094.8505282835667, "Marseille": 0.0, "Milan": 943.0319813307308, "Naples": 1831.9802871307547, "Paris": 940.5580233917732, "Rotterdam": 1880.3249086063888, "Saarbr\u00fccken": 1884.8834961588016, "Salzburg": 1838.661454875659, "Warsaw": 3665.449092626098}, "Milan": {"Bremen": 1912.979076710974, "Dresden": 1875.7315836850496, "Madrid": 3032.733419673611, "Marseille": 915.720995024941, "Milan": 0.0, "Naples": 871.656329430483, "Paris": 1847.982767227189, "Rotterdam": 1902.7166663435667, "Saarbr\u00fccken": 965.2206883473566, "Salzburg": 922.9678829596619, "Warsaw": 2732.410741723029}, "Naples": {"Bremen": 2826.922746682146, "Dresden": 2776.168184960096, "Madrid": 4020.483988910579, "Marseille": 1840.5824883868793, "Milan": 954.2739096413858, "Naples": 0.0, "Paris": 2760.8404483752856, "Rotterdam": 2836.0674778044336, "Saarbr\u00fccken": 1895.1278318613224, "Salzburg": 1839.7472656911482, "Warsaw": 3653.088149332391}, "Paris": {"Bremen": 1898.2817475112463, "Dresden": 1898.5529840407478, "Madrid": 3027.2060125708886, "Marseille": 928.8385187477846, "Milan": 1863.8079770454276, "Naples": 2747.5008401840823, "Paris": 0.0, "Rotterdam": 945.3106601222074, "Saarbr\u00fccken": 968.7191518279202, "Salzburg": 1859.7695114911999, "Warsaw": 2765.4193509487436}, "Rotterdam": {"Bremen": 975.4368674937267, "Dresden": 944.7439535644679, "Madrid": 3968.90822282393, "Marseille": 1854.9843476215817, "Milan": 1890.6571538430676, "Naples": 2770.0194746242614, "Paris": 930.0940350308474, "Rotterdam": 0.0, "Saarbr\u00fccken": 977.0916257384905, "Salzburg": 1857.4933804259854, "Warsaw": 1815.1937350698531}, "Saarbr\u00fccken": {"Bremen": 970.5785381341017, "Dresden": 958.1988162958152, "Madrid": 4004.14322973322, "Marseille": 1845.4536737025528, "Milan": 953.6500524095628, "Naples": 1852.033451178322, "Paris": 926.8656267103738, "Rotterdam": 959.386660781624, "Saarbr\u00fccken": 0.0, "Salzburg": 919.0701079217095, "Warsaw": 1807.365637310302}, "Salzburg": {"Bremen": 1913.215028352802, "Dresden": 952.2829501297069, "Madrid": 3982.983620058845, "Marseille": 1866.24812344884, "Milan": 945.0485042707244, "Naples": 1831.1490278551018, "Paris": 1874.9849897603785, "Rotterdam": 1922.7847594571651, "Saarbr\u00fccken": 976.7887372021964, "Salzburg": 0.0, "Warsaw": 1807.9303312379686}, "Warsaw": {"Bremen": 1905.3196264692158, "Dresden": 940.8032439509759, "Madrid": 5880.647006202192, "Marseille": 3721.4144518676176, "Milan": 2801.718725954912, "Naples": 3699.7740651061986, "Paris": 2805.7425484094733, "Rotterdam": 1901.1735035367312, "Saarbr\u00fccken": 1923.3684712986926, "Salzburg": 1860.882445053368, "Warsaw": 0.0}}