{"Bremen": {"Bremen": 0.0, "Dresden": 995.2686043413919, "Madrid": 5149.564863740824, "Marseille": 2955.755361251742, "Milan": 2024.2185440940284, "Naples": 2950.068419288756, "Paris": 1995.3289070128544, "Rotterdam": 1088.2403048287115, "Saarbr\u00fccken": 1062.13099078383, "Salzburg": 1980.7571118946476, "Warsaw": 1948.9649447700904}, "Dresden": {"Bremen": 1008.3425801218152, "Dresden": 0.0, "Madrid": 5155.805125276574, "Marseille": 2961.000398727728, "Milan": 1987.4689131596197, "Naples": 2917.1317815752172, "Paris": 1996.198490031061, "Rotterdam": 1058.477781106506, "Saarbr\u00fccken": 1030.140998814925, "Salzburg": 977.7117825320701, "Warsaw": 987.0809393386618}, "Madrid": {"Bremen": 5268.553544748884, "Dresden": 5251.676099688984, "Madrid": 0.0, "Marseille": 2251.982918340317, "Milan": 3301.504578581704, "Naples": 4236.997149885907, "Paris": 3245.928458794598, "Rotterdam": 4284.150186511009, "Saarbr\u00fccken": 4331.040170372646, "Salzburg": 4273.203659948848, "Warsaw": 6174.20385488771}, "Marseille": {"Bremen": 2983.7505663856646, "Dresden": 2960.12633760296, "Madrid": 2221.4148401711486, "Marseille": 0.0, "Milan": 990.8475977415845, "Naples": 1950.0037631814234, "Paris": 1003.6210293569743, "Rotterdam": 2045.6278534305939, "Saarbr\u00fccken": 2036.7614935343915, "Salzburg": 1968.8456466290554, "Warsaw": 3892.051483837943}, "Milan": {"Bremen": 2026.0060437357845, "Dresden": 1971.013019235047, "Madrid": 3155.808967126249, "Marseille": 958.957283418476, "Milan": 0.0, "Naples": 969.6087043930262, "Paris": 1962.9136673259127, "Rotterdam": 2004.0697227342093, "Saarbr\u00fccken": 1041.4815490680164, "Salzburg": 974.1908906819207, "Warsaw": 2925.835575414842}, "Naples": {"Bremen": 2999.7379332408113, "Dresden": 2989.01327057219, "Madrid": 4146.679328489393, "Marseille": 1971.057436730043, "Milan": 1059.4189652717855, "Naples": 0.0, "Paris": 2965.2663937622574, "Rotterdam": 3026.643125543625, "Saarbr\u00fccken": 2013.8639969275896, "Salzburg": 1981.7873244079228, "Warsaw": 3904.079984087547}, "Paris": {"Bremen": 1990.011723941165, "Dresden": 1988.5389519505277, "Madrid": 3171.8592625355022, "Marseille": 960.4675010449419, "Milan": 1962.7950724074492, "Naples": 2932.1903422149912, "Paris": 0.0, "Rotterdam": 1058.416552498902, "Saarbr\u00fccken": 1043.4730339803234, "Salzburg": 2001.8506820009184, "Warsaw": 2920.9105918400264}, "Rotterdam": {"Bremen": 990.4726974683613, "Dresden": 1019.8453601610279, "Madrid": 4141.17304228892, "Marseille": 1959.1266027051852, "Milan": 2012.5975661762034, "Naples": 2953.5897028539293, "Paris": 1024.2191126269984, "Rotterdam": 0.0, "Saarbr\u00fccken": 1049.8967929518428, "Salzburg": 1979.1128289377893, "Warsaw": 1933.6752452177059}, "Saarbr\u00fccken": {"Bremen": 1008.5960338016733, "Dresden": 998.5898938634427, "Madrid": 4162.627901299707, "Marseille": 1965.6770307421152, "Milan": 1005.6890323581418, "Naples": 1936.5629097000015, "Paris": 996.7877128091366, "Rotterdam": 1025.9222564462675, "Saarbr\u00fccken": 0.0, "Salzburg": 988.0692887346654, "Warsaw": 1929.141205642886}, "Salzburg": {"Bremen": 1992.6738785722205, "Dresden": 973.6534621317827, "Madrid": 4171.693776326053, "Marseille": 1982.8253066927218, "Milan": 1025.9743111124867, "Naples": 1937.7605580992124, "Paris": 1983.3996114292809, "Rotterdam": 2000.0114590653918, "Saarbr\u00fccken": 1064.8504709271297, "Salzburg": 0.0, "Warsaw": 1935.5043941821996}, "Warsaw": {"Bremen": 1988.2978695283866, "Dresden": 980.9898210805759, "Madrid": 6129.444737101752, "Marseille": 3930.8483413808513, "Milan": 2945.652289773907, "Naples": 3920.90945088253, "Paris": 3004.933669712219, "Rotterdam": 2020.7548257793405, "Saarbr\u00fccken": 2006.2079554613092, "Salzburg": 1967.9146666621366, "Warsaw": 0.0}}