{"Bremen": {"Bremen": 0.0, "Dresden": 809.39485770784, "Madrid": 4441.416480258538, "Marseille": 2401.8834599919837, "Milan": 1642.9941573573246, "Naples": 2419.4562639367355, "Paris": 1616.0039901226812, "Rotterdam": 844.5249434308081, "Saarbr\u00fccken": 865.4675181089314, "Salzburg": 1628.7270812904103, "Warsaw": 1540.6269627470951}, "Dresden": {"Bremen": 788.9727395929729, "Dresden": 0.0, "Madrid": 4421.319738754955, "Marseille": 2391.95659710966, "Milan": 1616.5679253152707, "Naples": 2398.1789587164963, "Paris": 1595.5582632799753, "Rotterdam": 827.2490257956987, "Saarbr\u00fccken": 861.0695076055396, "Salzburg": 785.1835040977511, "Warsaw": 737.161256622849}, "Madrid": {"Bremen": 4560.204215642763, "Dresden": 4523.233006690596, "Madrid": 0.0, "Marseille": 2083.0270764670295, "Milan": 2891.0422392236287, "Naples": 3729.6876829167118, "Paris": 2908.6589441284905, "Rotterdam": 3753.527671758924, "Saarbr\u00fccken": 3730.9482468631263, "Salzburg": 3695.463750265817, "Warsaw": 5284.346386591498}, "Marseille": {"Bremen": 2464.224156892406, "Dresden": 2414.053799799868, "Madrid": 1937.0102013559156, "Marseille": 0.0, "Milan": 821.5566047233001, "Naples": 1585.3406124608596, "Paris": 792.2315286846724, "Rotterdam": 1625.7042032250927, "Saarbr\u00fccken": 1649.7202282354926, "Salzburg": 1593.3778509246367, "Warsaw": 3162.6734119520283}, "Milan": {"Bremen": 1671.0761302616897, "Dresden": 1603.4594508736386, "Madrid": 2785.7398661080606, "Marseille": 766.1414520192586, "Milan": 0.0, "Naples": 829.346533317076, "Paris": 1597.3175000599174, "Rotterdam": 1653.1718710244038, "Saarbr\u00fccken": 849.7868974500932, "Salzburg": 775.4158894746711, "Warsaw": 2354.7443569927937}, "Naples": {"Bremen": 2466.584948303588, "Dresden": 2431.155046925191, "Madrid": 3657.058754180574, "Marseille": 1607.5216234737613, "Milan": 820.7329999489589, "Naples": 0.0, "Paris": 2432.0608835796347, "Rotterdam": 2455.165589206408, "Saarbr\u00fccken": 1638.791179536176, "Salzburg": 1605.303870952257, "Warsaw": 3175.3123926974417}, "Paris": {"Bremen": 1636.9983974512593, "Dresden": 1648.261840591924, "Madrid": 2798.852143967314, "Marseille": 788.1058145335813, "Milan": 1613.5557079559517, "Naples": 2383.7555417615918, "Paris": 0.0, "Rotterdam": 828.7337013124564, "Saarbr\u00fccken": 864.2935343506933, "Salzburg": 1635.5833634802816, "Warsaw": 2387.006386461021}, "Rotterdam": {"Bremen": 820.3315866316357, "Dresden": 822.2373727834232, "Madrid": 3630.725878847763, "Marseille": 1585.872927790777, "Milan": 1652.5826957057996, "Naples": 2417.2206569502064, "Paris": 810.2176515163595, "Rotterdam": 0.0, "Saarbr\u00fccken": 866.2516805145237, "Salzburg": 1606.0528388169157, "Warsaw": 1592.60016037458}, "Saarbr\u00fccken": {"Bremen": 805.0921847984343, "Dresden": 828.1217132321652, "Madrid": 3637.6701936542304, "Marseille": 1582.4510085616234, "Milan": 820.4431412986626, "Naples": 1580.4246065594352, "Paris": 804.0317581944051, "Rotterdam": 827.0065096370754, "Saarbr\u00fccken": 0.0, "Salzburg": 781.9217144928889, "Warsaw": 1573.6630103344671}, "Salzburg": {"Bremen": 1652.0272381969153, "Dresden": 811.7132850596797, "Madrid": 3625.7457425264424, "Marseille": 1590.7097230202148, "Milan": 819.5203088300219, "Naples": 1587.7250495079895, "Paris": 1629.068612188669, "Rotterdam": 1631.7500377072802, "Saarbr\u00fccken": 854.8513892949161, "Salzburg": 0.0, "Warsaw": 1567.1281032412503}, "Warsaw": {"Bremen": 1626.307427200744, "Dresden": 790.2607724605056, "Madrid": 5224.011389604296, "Marseille": 3193.7829019191095, "Milan": 2431.1312237296765, "Naples": 3236.784355300829, "Paris": 2423.300702986657, "Rotterdam": 1635.158064342493, "Saarbr\u00fccken": 1667.8995180070435, "Salzburg": 1588.9409273756235, "Warsaw": 0.0}}