{"Bremen": {"Bremen": 0.0, "Dresden": 221.11636837425885, "Madrid": 1424.5066785825754, "Marseille": 817.4736084227645, "Milan": 569.0632024931934, "Naples": 1143.0798779487513, "Paris": 534.5825426237362, "Rotterdam": 254.6291835802364, "Saarbr\u00fccken": 278.36360716598494, "Salzburg": 559.7596009499421, "Warsaw": 520.3265121838216}, "Dresden": {"Bremen": 281.4447261992156, "Dresden": 0.0, "Madrid": 1420.2912489063663, "Marseille": 817.3792347790143, "Milan": 570.3549340395715, "Naples": 1145.1082015196955, "Paris": 526.7266396843401, "Rotterdam": 269.3671299223057, "Saarbr\u00fccken": 259.5082565262884, "Salzburg": 240.12953687426565, "Warsaw": 194.6817813477069}, "Madrid": {"Bremen": 1508.5661052200835, "Dresden": 1447.8488678627605, "Madrid": 0.0, "Marseille": 516.22436479565, "Milan": 1181.0332274000841, "Naples": 1449.2483831684358, "Paris": 844.9903351530758, "Rotterdam": 1189.7312243939539, "Saarbr\u00fccken": 1202.356631970851, "Salzburg": 1463.205567506371, "Warsaw": 2034.5708258865156}, "Marseille": {"Bremen": 892.4818192359107, "Dresden": 855.2122295801055, "Madrid": 498.1696912274643, "Marseille": 0.0, "Milan": 245.35141596945257, "Naples": 545.371531464689, "Paris": 210.28502210336273, "Rotterdam": 583.3469502452501, "Saarbr\u00fccken": 582.2885425077995, "Salzburg": 554.7959713661326, "Warsaw": 1422.865472155383}, "Milan": {"Bremen": 581.3444404271219, "Dresden": 546.4193034234574, "Madrid": 1124.2922180940352, "Marseille": 196.12003787679356, "Milan": 0.0, "Naples": 209.37167425184282, "Paris": 550.7771547040254, "Rotterdam": 582.5779706854904, "Saarbr\u00fccken": 267.8141825708357, "Salzburg": 240.9752433412679, "Warsaw": 815.6360498767145}, "Naples": {"Bremen": 1200.5017160246332, "Dresden": 1145.9429949344062, "Madrid": 1419.575032860996, "Marseille": 513.2975213361511, "Milan": 269.15784781819866, "Naples": 0.0, "Paris": 1168.0680371294625, "Rotterdam": 1190.0997783961777, "Saarbr\u00fccken": 893.3299202988134, "Salzburg": 549.6986538721017, "Warsaw": 1439.6558042972006}, "Paris": {"Bremen": 580.7514016001579, "Dresden": 547.2608799750996, "Madrid": 816.4776235258623, "Marseille": 198.02721812552588, "Milan": 568.2605957908219, "Naples": 1179.8790307006236, "Paris": 0.0, "Rotterdam": 257.86921594632406, "Saarbr\u00fccken": 264.7762444189561, "Salzburg": 555.9526351337449, "Warsaw": 1119.5602750983994}, "Rotterdam": {"Bremen": 284.0689193694673, "Dresden": 230.70719411706872, "Madrid": 1120.635061160495, "Marseille": 515.5431761317116, "Milan": 570.4117882531515, "Naples": 1156.8093928236312, "Paris": 221.46415966302834, "Rotterdam": 0.0, "Saarbr\u00fccken": 273.679609960241, "Salzburg": 561.2259235431889, "Warsaw": 816.7428821262289}, "Saarbr\u00fccken": {"Bremen": 300.3467451469596, "Dresden": 222.776091722704, "Madrid": 1118.9425889711702, "Marseille": 508.23360845086745, "Milan": 246.6455953968996, "Naples": 849.0041833591481, "Paris": 210.05120419844962, "Rotterdam": 261.00393678424916, "Saarbr\u00fccken": 0.0, "Salzburg": 226.5581642825017, "Warsaw": 833.4333498063382}, "Salzburg": {"Bremen": 590.6669722847561, "Dresden": 231.10566069704308, "Madrid": 1430.8361030639364, "Marseille": 507.13103361080334, "Milan": 257.410750087086, "Naples": 534.0459082815364, "Paris": 532.4889137828461, "Rotterdam": 576.7752394573384, "Saarbr\u00fccken": 270.219912154961, "Salzburg": 0.0, "Warsaw": 512.0816514846306}, "Warsaw": {"Bremen": 595.0740415559277, "Dresden": 231.5177014492058, "Madrid": 2023.4938876963488, "Marseille": 1425.6618357462462, "Milan": 872.7651485115595, "Naples": 1456.817215914555, "Paris": 1138.231321753736, "Rotterdam": 882.3626176599485, "Saarbr\u00fccken": 885.085838655, "Salzburg": 552.2589558252016, "Warsaw": 0.0}}