{"Bremen": {"Bremen": 0.0, "Dresden": 303.82546859357103, "Madrid": 2098.6811646043034, "Marseille": 1233.265035032282, "Milan": 661.7236385910741, "Naples": 1898.0212650513715, "Paris": 857.1028016909809, "Rotterdam": 319.9467163161713, "Saarbr\u00fccken": 295.9845756726521, "Salzburg": 726.0029983183995, "Warsaw": 549.660557806211}, "Dresden": {"Bremen": 303.3134787360511, "Dresden": 0.0, "Madrid": 2116.0312127343495, "Marseille": 1381.766420370059, "Milan": 745.3496480207655, "Naples": 1917.0341430319327, "Paris": 874.1127171869342, "Rotterdam": 310.81573447043263, "Saarbr\u00fccken": 296.02800645418154, "Salzburg": 273.6782470075815, "Warsaw": 220.34179567451}, "Madrid": {"Bremen": 2221.6248754537737, "Dresden": 2344.076001214188, "Madrid": 0.0, "Marseille": 571.4541383987707, "Milan": 1659.4418521765913, "Naples": 2474.0863505691063, "Paris": 1058.908477684211, "Rotterdam": 1515.2624335196663, "Saarbr\u00fccken": 1617.8742998895686, "Salzburg": 2328.2404060754156, "Warsaw": 3308.645116649321}, "Marseille": {"Bremen": 1300.3264962718213, "Dresden": 1409.471980425136, "Madrid": 535.3092613391839, "Marseille": 0.0, "Milan": 321.0738078426902, "Naples": 954.8355700071389, "Paris": 287.2126441943112, "Rotterdam": 693.1430641518238, "Saarbr\u00fccken": 773.4385980908731, "Salzburg": 914.3106061007369, "Warsaw": 2364.2553190884414}, "Milan": {"Bremen": 702.3072927811373, "Dresden": 774.2101975830407, "Madrid": 1345.5790707073224, "Marseille": 288.17234971352104, "Milan": 0.0, "Naples": 256.9266893894017, "Paris": 799.810095277376, "Rotterdam": 821.4580782751635, "Saarbr\u00fccken": 333.5879156234872, "Salzburg": 273.1760643153551, "Warsaw": 1189.945846135602}, "Naples": {"Bremen": 1894.833639022314, "Dresden": 1952.2125646076595, "Madrid": 2339.773980022045, "Marseille": 955.6433174615847, "Milan": 313.61891468416076, "Naples": 0.0, "Paris": 1955.2982067769262, "Rotterdam": 1935.5296078434476, "Saarbr\u00fccken": 1389.8662403128221, "Salzburg": 937.9724017462787, "Warsaw": 2394.072893056075}, "Paris": {"Bremen": 757.3232775154987, "Dresden": 903.6281088053597, "Madrid": 873.4999539873687, "Marseille": 277.1940475976051, "Milan": 781.2086590364934, "Naples": 1964.4830200174313, "Paris": 0.0, "Rotterdam": 315.29455253839785, "Saarbr\u00fccken": 339.58702708476744, "Salzburg": 771.1834315549748, "Warsaw": 1825.5007753677069}, "Rotterdam": {"Bremen": 303.3744193846694, "Dresden": 307.3217083108898, "Madrid": 1292.1241021686901, "Marseille": 666.2567993500586, "Milan": 772.9561002589127, "Naples": 1933.5936332542594, "Paris": 284.9509943025357, "Rotterdam": 0.0, "Saarbr\u00fccken": 292.7237713906215, "Salzburg": 723.8422988360145, "Warsaw": 997.8146650950384}, "Saarbr\u00fccken": {"Bremen": 325.38572471047917, "Dresden": 296.7580147552239, "Madrid": 1533.4884824055996, "Marseille": 809.8872531382312, "Milan": 289.2960806378771, "Naples": 1370.0520607303074, "Paris": 256.7457491940568, "Rotterdam": 307.92341618687897, "Saarbr\u00fccken": 0.0, "Salzburg": 288.1669430257528, "Warsaw": 894.1542273497815}, "Salzburg": {"Bremen": 674.9294138780242, "Dresden": 298.9273528938764, "Madrid": 2068.2489621009136, "Marseille": 903.590190629655, "Milan": 312.05002713089794, "Naples": 943.2173828152454, "Paris": 849.470222125517, "Rotterdam": 710.3088269457924, "Saarbr\u00fccken": 295.216245864968, "Salzburg": 0.0, "Warsaw": 652.8059110277811}, "Warsaw": {"Bremen": 646.8899500746489, "Dresden": 280.2501803506873, "Madrid": 3205.8925514300313, "Marseille": 2389.0184331258943, "Milan": 1302.8141984642969, "Naples": 2463.1200564861006, "Paris": 1900.6337814291755, "Rotterdam": 1093.1291188810567, "Saarbr\u00fccken": 900.3411453555199, "Salzburg": 758.6073352149093, "Warsaw": 0.0}}